-76.616,117.424995,-10.797,872757175209005
-77.0308,117.0346,-11.1996,872757185207458
-76.9088,117.595795,-10.797,872757195200947
-77.0186,117.449394,-11.773,872757205191343
-76.5428,116.961395,-11.1996,872757215191872
-76.5428,116.9126,-12.1756,872757225195452
-77.8116,117.5348,-11.1874,872757235209041
-77.6286,117.1444,-11.9804,872757245208837
-76.506195,117.6446,-11.8706,872757255209243
-76.9332,117.181,-11.7852,872757265198175
-77.0308,116.973595,-12.2732,872757275197767
-76.7258,117.303,-11.3948,872757285208793
-76.7258,117.278595,-11.7852,872757295208467
-76.6282,117.278595,-11.9804,872757305209891
-76.335396,117.1688,-11.0044,872757315209768
-76.7258,117.119995,-11.3948,872757325219329
-76.823395,117.3152,-12.5538,872757335206877
-76.1402,116.9248,-12.2732,872757345224780
-76.042595,116.8638,-11.7852,872757355208259
-75.9328,117.0224,-12.2732,872757365224412
-75.8108,117.449394,-12.749,872757375216314
-75.64,116.9126,-12.8588,872757385210210
-76.6282,117.1688,-12.1756,872757395224085
-76.6282,117.1688,-12.1756,872757405208988
-76.5428,116.7296,-12.187799,872757415207644
-76.0548,116.497795,-12.090199,872757425221600
-76.555,116.5466,-12.382999,872757435207887
-76.640396,116.7296,-12.187799,872757445225749
-75.9816,115.9732,-11.9072,872757455207519
-76.347595,116.754,-11.8828,872757465207478
-75.7864,115.875595,-12.2,872757475208087
-76.7746,116.2416,-11.224,872757485207517
-76.957596,116.485596,-11.407,872757495207638
-76.2744,116.266,-11.3094,872757505224239
-76.0548,116.5466,-11.1142,872757515216345
-75.7864,115.9366,-11.224,872757525207921
-77.0918,115.6926,-11.333799,872757535188877
-76.4696,116.168396,-11.3216,872757545215732
-76.006,115.5096,-10.748199,872757555207268
-76.7014,115.3754,-10.943399,872757565208081
-76.1036,115.3754,-11.333799,872757575207429
-76.018196,115.106995,-11.5412,872757585207103
-76.201195,115.4608,-11.431399,872757595207712
-76.201195,115.473,-11.236199,872757605190418
-76.2134,115.2778,-11.528999,872757615207670
-75.408195,115.411995,-11.236199,872757625213691
-75.725395,114.777596,-11.2484,872757635226874
-75.518,114.9728,-11.1508,872757645210435
-74.725,114.8874,-11.6388,872757655207789
-75.9328,114.7532,-11.4436,872757665207585
-76.042595,114.5092,-10.9678,872757675232771
-75.0544,114.2042,-10.9678,872757685237287
-76.4574,114.192,-11.5534,872757695207827
-75.554596,114.3506,-11.163,872757705224997
-74.847,114.375,-11.3582,872757715207947
-75.6766,113.6064,-11.565599,872757725207418
-75.6522,114.2408,-11.3582,872757735192524
-75.0788,113.545395,-11.565599,872757745200255
-75.0666,113.996796,-11.5534,872757755207456
-75.1764,113.643,-11.2727995,872757765226173
-75.0666,113.9114,-11.467999,872757775208635
-74.3712,113.7406,-11.955999,872757785214412
-74.9812,113.520996,-10.6018,872757795207779
-75.261795,113.9114,-11.370399,872757805209772
-74.798195,113.3136,-11.285,872757815208428
-74.2126,112.972,-11.3826,872757825206189
-75.274,113.7406,-11.0776,872757835205904
-75.090996,113.4844,-11.1874,872757845222423
-74.603,113.057396,-11.1874,872757855208303
-75.395996,113.4234,-10.309,872757865208017
-75.5302,112.5084,-10.711599,872757875200652
-75.0178,112.923195,-10.125999,872757885208057
-75.408195,112.8866,-10.516399,872757895207405
-75.518,112.728,-9.9307995,872757905218675
-74.627396,112.545,-10.711599,872757915207648
-76.030396,112.5694,-9.1622,872757925208664
-75.5424,112.313194,-9.455,872757935208012
-75.7376,112.3864,-9.5526,872757945208052
-75.249596,112.142395,-9.455,872757955208092
-75.945,112.130196,-9.2598,872757965207400
-75.6522,111.983795,-8.783999,872757975207114
-76.0548,112.057,-8.881599,872757985216879
-76.042595,112.142395,-8.967,872757995231282
-76.335396,112.3986,-8.7718,872758005207600
-76.652596,112.0692,-8.1984,872758015219033
-75.8474,112.1058,-8.1984,872758025208250
-76.4452,112.24,-8.3814,872758035207720
-76.677,111.63,-7.9178,872758045207190
-76.042595,112.3376,-8.479,872758055207718
-76.3598,112.0326,-7.5151997,872758065207148
-76.2622,111.812996,-8.1984,872758075208042
-75.8596,112.0448,-7.5151997,872758085207838
-76.8722,111.7154,-7.9178,872758095208041
-77.0552,112.154594,-7.9056,872758105207064
-75.9694,111.825195,-8.296,872758115207958
-77.579796,111.6422,-7.0394,872758125206126
-77.262596,111.8984,-7.4175997,872758135207183
-77.1528,112.1668,-7.5151997,872758145207183
-76.4818,111.6056,-6.9417996,872758155227486
-77.262596,111.9106,-7.2223997,872758165213447
-77.165,111.849594,-6.7465997,872758175207302
-76.7746,111.5568,-7.7226,872758185231472
-77.6652,111.825195,-6.9417996,872758195207504
-77.653,112.154594,-7.3199997,872758205223169
-77.1772,111.6056,-6.3561997,872758215208764
-76.7624,111.995995,-6.0512,872758225227359
-77.445595,112.3864,-6.5392,872758235214785
-77.6652,111.849594,-6.4537997,872758245222800
-77.4578,112.0936,-5.368,872758255210714
-77.5676,111.9228,-5.185,872758265224508
-78.1532,112.2644,-4.9776,872758275241922
-78.1532,112.2644,-4.9776,872758285225320
-78.665596,111.9228,-4.209,872758295225197
-78.9584,112.4108,-3.3184,872758305224627
-78.689995,111.4592,-2.9524,872758315220354
-78.994995,111.227394,-3.7331998,872758325196386
-78.8974,111.361595,-2.9524,872758335223282
-79.1902,111.6178,-2.9524,872758345224380
-78.982796,111.7276,-2.7572,872758355223158
-79.117,110.8248,-2.7694,872758365207777
-79.8856,111.507996,-2.7572,872758375196749
-79.470795,111.8862,-2.6474,872758385225109
-79.8002,111.349396,-2.5742,872758395195608
-79.9954,111.532394,-2.2691998,872758405225636
-79.604996,111.386,-1.8909999,872758415207610
-79.483,111.5934,-3.05,872758425207365
-79.287796,111.5568,-2.2691998,872758435223885
-79.7148,111.032196,-1.7933999,872758445207079
-79.8002,111.2884,-1.9886,872758455207363
-79.604996,111.3128,-1.5982,872758465207362
-79.617195,110.959,-1.6958,872758475225794
-80.6054,111.215195,-1.0126,872758485224654
-80.4834,111.752,-1.0004,872758495211754
-80.9104,111.1298,-0.7198,872758505207115
-80.702995,111.3982,-0.8174,872758515207806
-80.7884,111.752,-0.7076,872758525225994
-81.2032,111.4226,0.060999997,872758535207845
-80.702995,111.3372,-0.23179999,872758545207275
-80.7884,111.690994,-0.21959999,872758555207844
-80.9958,111.6178,0.1586,872758565220701
-80.8982,111.5934,-0.427,872758575208127
-81.496,111.690994,0.2562,872758585208086
-80.7274,110.910194,-0.0488,872758595204138
-80.9104,111.2396,-0.3294,872758605207392
-80.8128,111.0932,0.1464,872758615225255
-80.690796,111.5934,-0.52459997,872758625207716
-81.2886,111.7764,-0.0244,872758635208285
-81.8742,112.118,0.26839998,872758645208162
-81.3862,111.690994,0.1586,872758655212149
-81.984,111.7398,0.060999997,872758665207835
-81.9962,111.6422,-0.23179999,872758675208160
-80.886,111.812996,0.366,872758685207875
-81.069,112.313194,-0.109799996,872758695207182
-81.5814,111.9594,0.366,872758705221260
-80.6664,112.1912,-0.9882,872758715207140
-81.069,112.288795,-0.4026,872758725207505
-81.557,112.667,0.28059998,872758735222804
-80.8738,112.0204,-0.61,872758745208114
-81.252,112.6426,-0.305,872758755190820
-81.679,112.0082,-0.21959999,872758765207462
-81.3618,112.4962,0.28059998,872758775202293
-81.6546,112.435196,-0.5002,872758785227887
-81.642395,112.8134,-0.1952,872758795242534
-81.3496,112.7158,-0.5002,872758805224752
-80.947,112.667,-0.109799996,872758815208150
-82.0572,112.3254,-0.6954,872758825194314
-81.5448,112.910995,-0.1952,872758835198871
-81.3496,112.752396,0.0854,872758845237485
-81.3618,112.276596,-0.5002,872758855223934
-81.374,112.2034,-0.21959999,872758865188940
-81.4594,112.24,-0.9882,872758875211075
-80.7762,111.983795,0.1708,872758885208063
-81.471596,112.0204,-0.121999994,872758895261488
-80.9592,112.313194,-0.2074,872758905225640
-81.007996,111.4226,-0.13419999,872758915225435
-81.800995,111.3982,-0.0366,872758925192598
-80.581,111.8618,-0.61,872758935191336
-80.9104,111.1298,-0.7198,872758945207774
-80.5932,111.690994,-0.4148,872758955207285
-80.4224,111.1054,0.0488,872758965225635
-80.397995,111.6422,0.060999997,872758975211718
-81.007996,111.1786,0.1586,872758985208707
-80.0076,111.1786,-0.6222,872758995207689
-80.9104,111.2396,-0.23179999,872759005206915
-79.6294,110.6784,-0.24399999,872759015207809
-81.007996,111.349396,0.1586,872759025207605
-80.1418,110.6906,0.43919998,872759035207848
-81.2398,110.4832,0.6222,872759045209068
-79.8368,110.7882,0.24399999,872759055207643
-80.9348,110.6784,0.8174,872759065207480
-81.325195,111.056595,1.4152,872759075207561
-79.8612,110.117195,0.91499996,872759085211140
-80.4468,110.3612,1.0126,872759095207803
-81.0568,110.3734,1.6958,872759105207965
-80.068596,110.117195,1.1101999,872759115207435
-81.0324,110.8248,2.0008,872759125209184
-80.764,110.1416,2.1715999,872759135207149
-80.7762,109.9342,1.586,872759145207352
-79.971,109.9952,1.9764,872759155207066
-80.7884,109.617,2.257,872759165207757
-80.7884,109.5926,1.9642,872759175208204
-79.604996,109.2144,2.0618,872759185208122
-80.702995,109.3852,2.8425999,872759195207552
-80.1052,109.1168,2.44,872759205207551
-80.3126,109.0924,2.1471999,872759215208893
-80.2028,109.189995,2.0618,872759225207427
-80.702995,109.3608,2.5498,872759235207711
-80.397995,109.1412,1.3786,872759245200346
-80.1052,109.177795,1.7689999,872759255220771
-81.5936,109.336395,2.745,872759265201199
-81.2764,109.787796,2.6474,872759275207627
-79.9832,109.678,2.745,872759285219915
-81.471596,110.0684,2.9524,872759295207625
-79.5928,109.5194,2.8425999,872759305233015
-80.6786,109.7634,3.233,872759315208438
-80.886,109.7268,2.8425999,872759325218243
-81.0812,109.824394,3.05,872759335205629
-80.0076,109.1168,2.3424,872759345242412
-80.4834,109.7756,3.4282,872759355208191
-80.7762,109.812195,2.7572,872759365223367
-79.312195,109.1412,2.0618,872759375190326
-80.215,108.9582,2.7328,872759385225034
-81.3984,109.348595,2.745,872759395207374
-80.715195,109.019196,2.7328,872759405208065
-79.299995,109.324196,2.257,872759415223933
-80.690796,109.6048,1.9642,872759425207656
-81.374,110.0196,2.1715999,872759435224298
-80.092995,109.348595,1.7689999,872759445278985
-80.764,110.117195,1.7811999,872759455228854
-81.252,110.3856,2.1838,872759465207735
-81.3618,110.1904,1.8787999,872759475224580
-80.581,109.6902,1.8787999,872759485196014
-80.556595,110.3246,1.9886,872759495207407
-81.74,110.739395,2.4766,872759505215137
-81.1422,110.5442,1.7933999,872759515207039
-81.4472,110.605194,1.5006,872759525224861
-81.020195,111.1542,1.5128,872759535207852
-80.947,110.592995,2.379,872759545224778
-81.020195,111.2762,2.0983999,872759555238164
-81.7034,111.4226,2.1106,872759565207198
-81.325195,111.081,1.9031999,872759575215213
-81.5082,111.4226,1.9153999,872759585208255
-82.093796,111.7764,2.4034,872759595226809
-82.0816,111.935,1.9153999,872759605207887
-81.679,112.2278,2.0252,872759615206503
-81.5692,112.313194,1.9275999,872759625206950
-82.0694,112.5084,2.7084,872759635207356
-81.374,112.4108,1.9275999,872759645221312
-82.557396,112.6426,2.2326,872759655210732
-82.8258,113.3258,1.9519999,872759665207191
-81.7278,113.3502,1.6592,872759675207231
-82.228,113.4478,2.1471999,872759685207555
-82.398796,113.9846,2.257,872759695207188
-81.935196,113.069595,1.464,872759705206659
-81.9962,113.948,1.3786,872759715208041
-82.9722,114.5214,1.1956,872759725207919
-82.3622,114.741,1.5006,872759735207674
-82.6672,114.631195,1.3908,872759745208202
-82.8624,114.9728,1.3054,872759755207143
-83.045395,115.1436,1.403,872759765207143
-82.472,114.7044,0.91499996,872759775207345
-82.6428,115.241196,1.1223999,872759785207263
-82.655,115.0094,0.23179999,872759795207303
-82.7526,115.0216,0.6222,872759805214749
-82.533,115.3754,0.3416,872759815207261
-82.5208,115.9244,0.6466,872759825216131
-82.533,115.473,0.43919998,872759835217391
-82.3256,115.534,-0.24399999,872759845207055
-83.191795,116.2538,-0.8052,872759855211652
-83.4236,115.6316,-0.7198,872759865205507
-82.0084,116.168396,-0.21959999,872759875211244
-82.5086,116.046394,-0.52459997,872759885244813
-82.7648,116.9126,-0.5002,872759895234395
-82.7648,116.9126,-0.5002,872759905207498
-83.0576,117.181,-0.305,872759915207091
-82.9356,117.8276,0.109799996,872759925228045
-84.2288,117.766594,0.0976,872759935206926
-83.6188,118.279,0.6954,872759945207699
-83.1308,117.974,-0.3782,872759955223242
-84.2044,118.4376,0.793,872759965206883
-83.997,118.657196,-0.0732,872759975191542
-84.1922,118.827995,-0.0732,872759985208062
-83.4846,118.986595,0.52459997,872759995208672
-84.0702,119.3892,0.23179999,872760005207125
-84.3508,119.8528,0.92719996,872760015207327
-83.4602,119.4868,-0.1464,872760025207082
-85.1438,119.865,0.24399999,872760035208180
-83.9482,119.8772,0.92719996,872760045210621
-84.436195,120.17,0.1586,872760055212411
-84.0214,120.3652,0.2562,872760065206591
-84.546,119.987,0.1464,872760075209113
-84.79,121.341194,0.8662,872760085206915
-84.423996,120.548195,0.7442,872760095207728
-84.7046,120.78,0.26839998,872760105207646
-85.3024,121.0362,0.46359998,872760115206547
-85.1072,120.853195,0.366,872760125206749
-84.606995,120.877594,0.366,872760135207318
-84.8022,120.853195,0.1708,872760145207480
-84.729,120.353,0.54899997,872760155206910
-85.095,121.1338,0.46359998,872760165207601
-84.911995,120.6458,1.1345999,872760175207112
-84.1068,120.840996,-0.8052,872760185207274
-85.0218,120.5848,0.1586,872760195207232
-84.9852,121.2436,0.8662,872760205207720
-84.606995,120.8898,0.56119996,872760215206743
-84.6192,120.6214,0.45139998,872760225208125
-84.606995,120.8288,1.1467999,872760235207636
-84.7046,120.8044,0.6588,872760245207636
-84.0336,120.414,1.1345999,872760255207472
-85.034,120.084595,0.732,872760265207593
-85.3512,119.804,0.732,872760275208488
-84.6314,120.2798,0.8418,872760285207877
-84.448395,120.0114,0.6344,872760295208690
-83.8506,119.743,0.0488,872760305207712
-84.1922,118.693794,0.61,872760315223459
-84.6802,119.1086,0.6222,872760325207385
-84.0824,118.9622,0.61,872760335210314
-84.1922,118.974396,0.8052,872760345206529
-84.0824,119.132996,0.427,872760355211818
-83.7042,118.5474,0.8052,872760365207220
-84.594795,118.693794,0.90279996,872760375210311
-83.6066,118.364395,0.6954,872760385206689
-84.606995,118.401,0.5978,872760395206688
-84.0214,118.1082,1.1834,872760405260683
-83.631,117.791,-0.0976,872760415207501
-84.2288,117.888596,0.6832,872760425207703
-84.2288,117.8154,0.7808,872760435198466
-82.838,117.6934,0.6832,872760445210021
-83.8506,117.3884,0.87839997,872760473684465
-82.9844,116.485596,-0.121999994,872760483684749
-83.8872,116.4734,0.366,872760493685237
-83.191795,116.6076,0.6588,872760503686823
-82.0084,115.9732,-0.52459997,872760513684584
-82.0084,115.9732,-0.52459997,872760523701552
-83.2162,115.741394,-0.6222,872760533701917
-82.6062,116.0708,0.1586,872760543694429
-82.728195,115.411995,-0.53679997,872760553684378
-82.728195,115.411995,-0.53679997,872760563701915
-82.3256,115.6438,-1.403,872760573701873
-81.435,115.387596,-1.9886,872760583717172
-82.533,115.387596,-1.1223999,872760593701302
-81.325195,115.5218,-1.2078,872760603702848
-81.154396,114.9728,-1.708,872760613700568
-81.0812,114.253,-2.013,872760623700649
-81.4472,114.9972,-1.0248,872760633721726
-80.6664,114.5946,-2.501,872760643721725
-81.471596,114.436,-1.4274,872760653700972
-80.764,114.7044,-2.1106,872760674472130
-81.4594,114.777596,-1.8177999,872760684471803
-81.4472,114.8752,-1.6104,872760694471680
-80.4834,114.07,-2.6108,872760704471517
-80.3736,114.338394,-2.501,872760714450520
-80.3736,114.338394,-2.501,872760724450804
-81.2764,114.2042,-2.5986,872760734471352
-80.7518,114.8386,-2.8792,872760744433591
-80.7518,114.8386,-2.8792,872760754471595
-80.556595,114.7532,-2.8792,872760764453243
-81.0812,114.1066,-2.9036,872760774450312
-80.4712,114.2164,-3.0865998,872760784471185
-80.9714,114.2774,-3.0865998,872760794471592
-80.1784,114.2164,-3.2818,872760804470126
-80.6664,114.496994,-4.1602,872760814444450
-80.861595,114.460396,-3.1842,872760835115998
-79.6782,114.1066,-4.1602,872760845133372
-80.5932,113.7284,-3.7819998,872760855115508
-79.775795,114.0944,-4.2578,872760865108427
-80.1662,114.3628,-3.965,872760875115995
-80.1662,114.3628,-3.965,872760885113756
-79.8856,113.996796,-4.2578,872760895136989
-79.9832,113.996796,-4.1602,872760905115301
-80.2638,114.313995,-4.7458,872760915136459
-79.751396,114.68,-4.8312,872760925115625
-79.751396,114.68,-4.8312,872760935115706
-80.3492,114.8386,-4.7336,872760945136823
-79.2634,114.496994,-5.4168,872760955136700
-79.971,114.301796,-5.1362,872760965115825
-79.666,114.375,-5.612,872760975116231
-79.666,114.375,-5.612,872760985115051
-79.239,114.8508,-5.4045997,872760995116922
-79.5196,115.2778,-5.5998,872761005107074
-79.8124,115.399796,-6.3684,872761015136411
-79.5318,114.9972,-5.795,872761025106543
-78.934,115.1924,-5.8926,872761045369604
-79.617195,115.4364,-5.6851997,872761055369969
-79.3244,115.168,-6.0878,872761065369928
-79.8246,115.1924,-5.3069997,872761087033907
-79.312195,115.411995,-6.5636,872761097012422
-79.5074,115.595,-6.2708,872761107033865
-78.824196,115.168,-6.5758,872761117033376
-79.922195,115.29,-6.5758,872761127012705
-79.909996,115.6804,-5.9779997,872761137011972
-79.617195,115.4974,-6.2708,872761147033415
-79.0072,115.778,-6.6612,872761157033577
-79.1048,115.558395,-7.1492,872761167015306
-78.1166,115.351,-7.0516,872761177012376
-79.5318,115.1314,-6.6734,872761187012660
-79.239,114.8996,-6.1854,872761197033207
-78.214195,115.4364,-6.954,872761207033288
-79.3244,115.2168,-6.771,872761217033043
-79.2146,115.411995,-6.5636,872761227014081
-79.2146,115.411995,-6.5636,872761236996095
-78.9218,115.29,-7.3444,872761247018352
-78.7388,114.8752,-7.0638,872761257013468
-78.1044,115.6682,-7.7226,872761266995971
-78.1044,115.6682,-7.7226,872761277013548
-79.0316,115.0094,-7.5518,872761287013425
-78.3362,114.8508,-7.8445997,872761297013221
-78.934,115.0338,-7.1614,872761307013220
-78.824196,115.229,-7.0516,872761316995967
-78.4338,114.8752,-7.259,872761326995803
-78.9096,115.5096,-6.5636,872761337013422
-79.312195,115.351,-7.5396,872761347029086
-78.531395,114.9728,-7.0638,872761357033602
-79.422,115.2046,-6.9662,872761367012402
-78.4338,114.8874,-7.1614,872761377012279
-79.117,115.3022,-7.0516,872761387010773
-78.9096,115.6804,-6.8564,872761397033233
-79.312195,115.3754,-7.0516,872761407013660
-78.324,115.1558,-7.0638,872761417012642
-78.324,115.1558,-7.0638,872761427001411
-78.689995,115.9488,-7.0394,872761437013088
-78.214195,115.3144,-7.6372,872761447013210
-78.9218,115.2168,-7.0638,872761457013453
-78.9096,115.656,-7.3444,872761466996403
-78.9096,115.656,-7.3444,872761476996077
-78.1166,115.424194,-7.2468,872761487013288
-78.9218,115.1436,-6.8686,872761497013694
-78.629,115.1436,-7.1614,872761507013287
-79.0194,115.241196,-6.6734,872761517013367
-78.4216,115.2778,-6.466,872761527013733
-79.2024,115.704796,-6.1731997,872761537029438
-79.5928,116.034195,-6.2585998,872761547033344
-78.7998,115.7902,-6.5636,872761557033425
-80.2882,116.1196,-5.7706,872761567012224
-80.2882,116.1196,-5.7706,872761577011898
-79.3976,115.8268,-5.3924,872761587033137
-79.8002,115.6926,-5.8803997,872761597011734
-80.1906,116.0708,-5.185,872761607023248
-80.5932,116.046394,-5.0996,872761617033217
-79.909996,115.6194,-5.3924,872761627011894
-80.690796,116.266,-4.4042,872761637012219
-80.2028,116.021996,-4.3188,872761647033825
-79.8978,115.9244,-4.8068,872761657012421
-80.690796,116.083,-4.514,872761667033416
-81.2886,116.2172,-4.697,872761677013233
-80.397995,115.9366,-4.2212,872761687012093
-80.9958,116.009796,-3.8307998,872761697042691
-80.9958,116.009796,-3.8307998,872761707009610
-81.3008,115.8268,-3.7331998,872761717033860
-81.1056,115.741394,-3.9284,872761727012375
-81.1056,115.8512,-3.4404,872761737012049
-81.5082,115.875595,-2.7572,872761747033736
-80.886,116.2416,-2.9524,872761757048912
-81.9108,115.9,-1.9886,872761767005007
-81.1178,115.716995,-2.7694,872761789289185
-81.2276,115.546196,-2.4766,872761799301838
-82.5086,115.7902,-1.8909999,872761809275389
-82.4354,115.351,-1.8055999,872761819275063
-82.410995,115.8512,-0.8174,872761829274859
-82.410995,115.8512,-0.8174,872761839267371
-81.5204,115.8146,-0.6222,872761849295406
-82.0328,115.558395,0.060999997,872761859275589
-82.0206,115.778,-0.91499996,872761869295933
-82.715996,115.8512,-0.52459997,872761879272861
-81.9962,116.351395,-0.121999994,872761889272698
-83.1064,115.961,0.060999997,872761899274772
-82.4964,116.363594,0.46359998,872761909296378
-82.4964,116.351395,0.1708,872761919295767
-83.082,116.6808,0.366,872761929295969
-83.203995,116.1318,0.1586,872761939275054
-83.3016,116.2416,0.6588,872761949276355
-82.4842,116.644196,0.6588,872761959296008
-83.8872,116.571,0.56119996,872761969274401
-83.203995,116.144,0.2562,872761979295640
-83.57,117.059,1.0613999,872761989274969
-83.7774,116.8882,1.4518,872762011066919
-83.082,116.7052,0.7564,872762021059391
-83.8628,117.242,1.4518,872762031066836
-84.0336,117.852,1.3664,872762041049420
-84.0336,117.852,1.3664,872762051066509
-83.7408,117.791,1.5616,872762061066915
-84.0214,118.157,2.1594,872762071066955
-84.7168,118.2546,1.0857999,872762081049295
-84.1068,118.5718,1.6836,872762091049213
-84.9242,118.157,1.281,872762101049131
-84.3142,118.388794,1.5738,872762111081804
-83.9116,118.3034,1.4762,872762121065812
-84.79,118.986595,1.6836,872762131065852
-84.594795,118.7548,2.1715999,872762152915093
-84.1922,118.8768,0.8052,872762162911227
-84.8022,118.681595,2.562,872762172890718
-84.582596,119.303795,2.2814,872762182881562
-84.058,119.682,2.379,872762192890594
-84.8754,119.4136,2.9645998,872762202890227
-84.8754,119.4136,2.9645998,872762212911467
-85.3512,120.0236,3.172,872762222907926
-84.448395,119.938194,2.5864,872762232890591
-85.339,120.2066,3.172,872762242894456
-84.7656,119.8162,3.6478,872762252911464
-85.156,119.8162,2.3912,872762262877080
-85.4488,120.1334,3.6599998,872762272890548
-85.4488,120.1334,3.6599998,872762282890059
-86.0588,119.9626,4.2334,872762292911380
-85.461,119.8894,3.9406,872762302911257
-85.058395,120.0236,4.6359997,872762312911175
-85.5586,119.8406,4.9165998,872762322890625
-86.5468,120.084595,5.2093997,872762332890503
-86.5468,120.084595,5.2093997,872762342890217
-86.156395,119.913795,5.1117997,872762352911212
-85.3512,120.1944,4.7336,872762362894976
-85.8758,119.6576,5.1117997,872762372911292
-85.668396,119.5844,5.1117997,872762382888586
-86.3516,120.0236,5.5998,872762404293940
-86.754196,120.096794,5.6974,872762414285964
-86.1686,119.779594,5.795,872762424310377
-86.6444,120.1822,5.5144,872762434303215
-86.8518,120.1212,6.1854,872762444295239
-86.3638,119.9992,6.6734,872762454294709
-86.559,120.048,6.1854,872762464316803
-86.437,120.682396,6.3928,872762474283274
-86.6444,120.3042,6.0024,872762484315581
-86.449196,120.17,5.2216,872762494295032
-86.0588,120.0114,6.771,872762516479723
-85.5586,120.109,6.3806,872762526479681
-86.3516,120.2676,6.7832,872762536497096
-86.6566,120.255394,6.8686,872762546497055
-85.7416,120.3408,6.0024,872762556480696
-86.1198,121.170395,6.8929996,872762566497216
-86.5468,120.230995,6.2952,872762576479515
-85.9368,120.6336,6.6856,872762586497052
-87.0226,120.9142,6.2098,872762596480002
-86.4248,120.7434,5.8194,872762606497091
-86.607796,121.2924,6.3073997,872762616512186
-86.1076,121.2192,6.2098,872762626516621
-86.9982,121.3778,6.6124,872762636516905
-86.290596,121.633995,5.8315997,872762646496233
-86.290596,121.633995,5.8315997,872762656495907
-87.0104,121.268,6.1122,872762666517106
-86.290596,121.6828,6.6124,872762676496312
-86.864,122.256195,6.3318,872762686516860
-86.864,122.2074,5.4533997,872762696497939
-87.1568,122.305,5.6486,872762706495008
-87.1568,122.305,5.6486,872762716513196
-85.997795,121.5242,5.1484,872762726516939
-87.0592,122.305,5.7462,872762736496145
-87.864395,122.243996,5.2581997,872762746516856
-85.9246,123.1224,5.0874,872762756484384
-86.742,122.6588,5.368,872762766517343
-86.7176,123.171196,5.0874,872762776516853
-86.314995,123.2322,4.1114,872762786478645
-86.8152,123.4152,4.6116,872762796496344
-87.5838,123.9154,4.7092,872762806496140
-86.9006,123.769,4.8068,872762816511601
-86.498,123.769,4.3188,872762826516972
-86.9982,123.659195,4.3188,872762836516564
-85.8758,124.2326,4.1358,872762846486738
-87.2666,124.3302,4.0382,872762870167359
-87.169,124.427795,4.0504,872762880166015
-86.0588,124.623,3.3672,872762890164143
-86.754196,124.684,3.5623999,872762900164386
-86.8274,125.220795,3.6722,872762910144651
-86.437,125.1354,3.3794,872762920144935
-87.2056,125.9284,3.8795998,872762930144405
-87.1812,126.3676,3.6966,872762940156123
-87.291,126.0992,3.8918,872762950165400
-87.376396,126.5628,2.6352,872762960144891
-87.876595,126.477394,3.0133998,872762983854077
-86.461395,126.9532,2.5498,872762993849641
-87.352,127.233795,3.4282,872763003849600
-87.047,127.307,2.9401999,872763013832265
-86.144196,127.3436,2.9401999,872763023849679
-86.742,127.404594,2.9401999,872763033849760
-87.3276,127.6364,2.7572,872763043849637
-86.4248,127.6486,2.2691998,872763053832791
-87.0226,127.8926,2.2691998,872763063846258
-87.1934,128.41719,2.1838,872763073849676
-87.388596,128.466,1.7933999,872763083865910
-87.083595,128.7222,1.22,872763093848454
-87.083595,128.7222,1.22,872763103848493
-86.376,128.7588,1.4152,872763113869529
-86.0832,128.649,0.732,872763123869447
-86.6444,129.4298,0.93939996,872763133869325
-86.449196,129.2102,0.060999997,872763143848897
-86.144196,129.2834,-0.52459997,872763166465229
-87.0226,129.7714,-0.61,872763176484678
-86.0466,129.442,-1.0979999,872763186449155
-86.01,130.1862,-0.4026,872763196464006
-85.9002,130.4912,-1.464,872763206463883
-85.705,130.235,-1.4762,872763216463516
-85.1926,130.5522,-2.5376,872763226485936
-85.1926,130.4668,-2.3424,872763236463393
-85.4976,130.4424,-2.6352,872763246464491
-85.3878,130.7108,-2.623,872763256464083
-85.3878,130.7108,-2.623,872763266463431
-85.1804,130.8694,-3.3062,872763276463960
-84.899796,130.3082,-3.9039998,872763286484670
-84.6802,130.6864,-3.599,872763296463144
-83.5822,130.4912,-4.8677998,872763320072151
-84.363,131.1622,-3.4891999,872763330072232
-84.485,130.6254,-4.8677998,872763340089280
-83.7408,131.4306,-5.429,872763350072149
-83.7408,131.4306,-5.429,872763360071782
-84.058,131.1622,-5.246,872763370089400
-83.960396,130.9914,-5.246,872763380089358
-83.3748,130.7962,-5.9291997,872763390088503
-83.8506,131.22319,-5.8315997,872763400069012
-83.972595,130.6742,-6.1366,872763410111492
-83.2528,131.2842,-6.8929996,872763420104411
-82.569595,130.8206,-6.2219996,872763430088704
-82.8624,130.8938,-6.3196,872763440109129
-83.191795,130.418,-6.527,872763450110024
-83.0698,130.6986,-6.3196,872763460088376
-83.179596,130.6132,-6.2342,872763470096432
-83.179596,130.6132,-6.2342,872763480087723
-83.3992,129.93,-7.1247997,872763490109329
-82.4964,130.1618,-7.015,872763500089024
-82.398796,129.9422,-7.9056,872763510088982
-83.3016,129.9056,-7.6127996,872763534808422
-83.0942,130.1984,-7.4054,872763544825755
-82.5086,129.66159,-7.9056,872763554808339
-81.7278,129.2346,-8.2106,872763564825469
-82.6916,130.2106,-7.6006,872763574825672
-82.594,130.0154,-7.8933997,872763584825508
-83.2162,129.63719,-7.9056,872763594799262
-83.2162,129.63719,-7.9056,872763604808905
-82.6916,130.1008,-7.9909997,872763614825384
-82.1304,129.2224,-8.2106,872763624801864
-82.4354,129.1492,-7.7226,872763634841333
-82.715996,129.47859,-7.9056,872763644825178
-81.8376,129.1736,-7.8202,872763654824608
-82.6306,129.137,-7.625,872763664824729
-82.252396,128.7832,-7.93,872763674824647
-82.252396,128.7832,-7.93,872763684824239
-81.9718,128.3806,-7.442,872763694827494
-81.9718,128.3806,-7.442,872763704825092
-82.1548,128.6978,-7.93,872763714824848
-81.2032,127.6486,-8.4424,872763724814837
-82.0084,127.380196,-7.9544,872763734814145
-82.0084,127.380196,-7.9544,872763744808406
-82.4964,127.538795,-7.8568,872763754826269
-81.1178,127.307,-8.3448,872763764825332
-82.533,126.819,-7.9666,872763774808933
-82.533,126.819,-7.9666,872763784825412
-81.0446,126.514,-8.174,872763794825737
-81.630196,126.7336,-8.552199,872763804825451
-81.5692,125.855194,-8.5766,872763814808198
-81.374,125.7088,-7.9909997,872763824825368
-81.2032,125.2818,-8.0032,872763834825368
-80.9226,124.7206,-8.601,872763844822518
-81.325195,124.6352,-8.3082,872763854840584
-81.325195,124.6596,-7.8202,872763864824429
-81.0446,123.988594,-8.906,872763874824510
-80.3248,124.4766,-8.7962,872763884845465
-81.069,123.671394,-8.3326,872763894845586
-80.9592,123.891,-7.6493998,872763904835779
-80.4834,123.22,-8.9304,872763914823001
-80.4834,123.22,-8.9304,872763924824059
-80.7884,123.183395,-7.7591996,872763934845380
-81.1056,122.719795,-7.7714,872763944825237
-80.690796,122.9638,-8.4424,872763954845419
-80.6054,122.6466,-7.9666,872763964845418
-81.2154,122.561195,-7.381,872763974825683
-80.4102,122.6222,-8.552199,872763984835122
-81.2276,122.2318,-6.9052,872763994846026
-80.1296,122.121994,-8.174,872764004824500
-80.5688,121.328995,-7.6981997,872764014824500
-80.459,121.4144,-7.8933997,872764024831009
-80.7396,121.8658,-7.4908,872764034845453
-79.666,121.207,-7.4054,872764044843622
-81.7644,121.207,-7.3199997,872764054824659
-80.2516,121.621796,-7.4054,872764064845451
-81.069,121.2436,-7.1247997,872764074845288
-80.9836,120.963,-7.5151997,872764084843863
-80.068596,121.3778,-7.3078,872764094823965
-81.191,120.8166,-6.7344,872764104825429
-80.5932,120.523796,-7.7226,872764114845203
-80.9104,120.3652,-7.2346,872764124845487
-80.3004,120.5726,-7.137,872764134809801
-80.5078,120.377396,-7.2346,872764144823757
-80.215,120.3286,-6.8441997,872764154848171
-80.215,120.3286,-6.8441997,872764164807398
-79.934395,119.804,-6.8564,872764174841944
-81.020195,119.925995,-6.954,872764184845361
-79.775795,118.815796,-7.2711997,872764194845319
-80.9714,118.974396,-6.4904,872764204824567
-80.9714,118.974396,-6.4904,872764214824240
-80.7762,118.7304,-6.3928,872764224845724
-81.069,118.815796,-6.1976,872764234824239
-79.8856,118.584,-6.4904,872764244823994
-80.397995,118.2424,-5.7218,872764254827493
-80.6054,118.1204,-6.2098,872764264824644
-80.886,118.364395,-6.3073997,872764274821143
-80.2028,118.2424,-5.917,872764284845435
-80.4956,118.2424,-5.8194,872764294817398
-80.6054,117.9252,-6.5148,872764315242120
-80.9226,117.7788,-5.6363997,872764325241916
-80.9226,117.7788,-5.7339997,872764335241712
-80.6176,117.791,-5.7339997,872764345211194
-80.544395,117.107796,-5.368,872764355220999
-80.8128,117.900795,-5.246,872764365221487
-80.7274,117.571396,-4.7702,872764375217213
-80.2516,116.937,-5.4656,872764385241952
-80.9592,116.802795,-5.5632,872764395222909
-81.154396,117.0224,-4.6848,872764405219490
-80.4712,116.656395,-5.4656,872764415219001
-80.4712,116.656395,-5.4656,872764425241705
-80.9958,116.1196,-3.6355999,872764435221807
-80.581,116.5588,-4.0138,872764445241988
-81.2032,115.887794,-4.3188,872764455220951
-80.581,116.2538,-4.697,872764465220381
-80.4956,116.034195,-3.9284,872764475242027
-80.7884,116.363594,-4.209,872764485241782
-80.886,116.192795,-4.0138,872764495249594
-80.6176,115.656,-4.1236,872764505241536
-81.0324,115.1924,-4.1358,872764527716795
-80.0076,115.704796,-3.8307998,872764537692461
-80.52,115.4364,-3.4526,872764547691972
-79.9466,114.9972,-3.7575998,872764557692134
-79.9466,114.9972,-3.7575998,872764567709752
-80.7274,115.546196,-2.8669999,872764577709589
-81.0568,114.7166,-3.0744,872764587709629
-80.0564,114.765396,-3.172,872764597693515
-80.6542,114.643394,-3.2696,872764607709953
-80.1662,114.558,-3.5623999,872764617709504
-79.9466,114.936195,-3.2696,872764627737295
-80.7518,114.7532,-2.684,872764637729726
-78.8608,114.6678,-4.2455997,872764647708200
-78.8608,114.6678,-4.2455997,872764657709094
-80.6664,114.5458,-3.2818,872764667729683
-79.849,114.923996,-3.6599998,872764677729438
-80.3736,114.2774,-3.6722,872764687711127
-80.6542,114.631195,-3.4648,872764697708685
-81.2398,114.948395,-3.5623999,872764717712549
-80.0442,114.8752,-4.4407997,872764727722029
-81.0324,115.2168,-3.843,872764737713157
-81.0324,115.2168,-3.843,872764747713075
-80.544395,114.985,-3.6599998,872764757712586
-80.544395,114.985,-3.6599998,872764767733500
-79.9466,114.985,-4.148,872764777747945
-79.6416,114.923996,-3.7575998,872764787733580
-81.1422,115.0338,-3.7575998,872764797712461
-80.8128,115.595,-3.5502,872764807712176
-80.6298,115.4486,-3.2574,872764817733415
-80.7274,115.546196,-2.8669999,872764827733536
-81.325195,115.3022,-3.6478,872764837733780
-80.1296,115.4364,-3.843,872764847713027
-81.0446,115.094795,-2.7816,872764868638807
-80.4346,115.387596,-2.7694,872764878639091
-80.4468,114.8874,-3.8551998,872764888639090
-80.0442,115.0216,-3.2696,872764898619355
-80.6542,114.7044,-3.6599998,872764908616262
-80.6542,114.7044,-3.6599998,872764918600392
-79.666,114.3872,-3.8674,872764928618132
-81.252,114.9118,-2.7816,872764938618782
-81.154396,114.801994,-3.0744,872764948618741
-80.4468,114.8386,-2.9768,872764958601528
-80.4468,114.8386,-2.9768,872764968618780
-80.6664,114.484795,-2.8913999,872764978601201
-79.775795,114.2408,-3.1842,872764988618656
-80.3004,113.7772,-3.0988,872764998618900
-80.2028,113.643,-2.5132,872765008601402
-79.604996,113.520996,-3.5867999,872765018634442
-79.483,114.021194,-2.7084,872765028638795
-80.9714,114.192,-3.0865998,872765038638754
-80.8982,113.8992,-2.1227999,872765048605997
-80.459,114.5702,-3.1842,872765058631062
-80.2882,114.07,-2.6108,872765068639321
-80.7884,113.948,-2.806,872765078617348
-79.8978,113.6186,-3.0012,872765088638546
-80.4102,113.533195,-2.7206,872765098617834
-80.4102,113.533195,-2.7206,872765108617752
-80.1662,114.4238,-2.8913999,872765118601964
-79.8856,113.874794,-3.294,872765128653884
-79.9954,113.691795,-3.294,872765138638665
-79.5928,113.7284,-3.0012,872765148629265
-80.385796,113.9602,-2.9036,872765158618033
-80.385796,113.9602,-2.9036,872765168638907
-80.3736,114.2164,-3.0865998,872765178639191
-79.4952,113.679596,-3.9772,872765188638498
-80.276,114.179794,-2.2082,872765198617786
-80.276,114.179794,-2.2082,872765208614001
-79.8978,113.7894,-3.294,872765218617622
-80.4712,114.4116,-2.6962,872765228615180
-80.702995,113.582,-3.0012,872765238617254
-80.4834,114.1066,-3.477,872765248618759
-79.7026,113.6674,-4.0748,872765258618066
-80.1784,114.2286,-3.0865998,872765268638899
-80.4468,114.9118,-3.3672,872765278613060
-80.1662,114.484795,-3.3794,872765288617657
-80.9348,115.106995,-2.684,872765298617372
-80.861595,114.558,-3.0865998,872765308618470
-80.861595,114.558,-3.0865998,872765318618957
-80.2516,114.8386,-3.2696,872765328638650
-80.5688,114.2896,-3.2818,872765338638365
-80.947,114.8142,-3.0744,872765348609271
-80.9592,114.7532,-2.4888,872765371849545
-80.7518,114.936195,-2.684,872765381887833
-80.0442,115.1314,-2.9645998,872765391887914
-81.5448,115.0704,-2.7816,872765401866836
-80.544395,115.0338,-2.7816,872765411867445
-80.532196,115.1802,-3.2574,872765421865776
-81.3496,114.801994,-2.8792,872765431887504
-80.642,115.2046,-2.7694,872765441886201
-81.435,115.082596,-2.684,872765451887950
-80.9348,115.253395,-3.2574,872765461866913
-80.6176,115.6926,-3.5379999,872765482558561
-80.825,115.4974,-3.6478,872765492507209
-80.5078,115.863396,-3.7331998,872765502522019
-81.5204,115.546196,-3.7454,872765512522507
-80.5078,115.6682,-4.1236,872765536152918
-80.4956,116.034195,-3.8307998,872765546149987
-80.690796,116.2782,-4.209,872765556132571
-80.2882,116.2904,-4.3066,872765566132367
-81.2886,116.1562,-4.3188,872765576150026
-79.971,116.7418,-4.2943997,872765586149903
-81.3496,117.0102,-4.7824,872765596161417
-81.6546,116.961395,-3.8063998,872765606149413
-80.947,117.242,-4.1967998,872765616149860
-81.642395,117.290794,-4.2943997,872765626149981
-81.8254,117.6446,-4.087,872765636144813
-81.3008,118.1814,-4.4652,872765646149410
-82.0206,117.6934,-4.7702,872765656149043
-81.5082,118.0228,-3.9772,872765666169794
-81.9962,118.279,-3.8795998,872765676169793
-81.496,118.522995,-4.7458,872765686157179
-82.289,118.5474,-3.5746,872765696149162
-82.0816,118.889,-3.8674,872765716309927
-82.093796,118.462,-3.5867999,872765726306875
-81.679,118.840195,-3.477,872765736311065
-81.679,118.840195,-3.477,872765746310495
-82.6916,118.5962,-3.8674,872765756310535
-82.6916,118.5962,-3.8674,872765766331774
-81.6668,119.0964,-3.7575998,872765776310370
-83.0942,118.522995,-3.3916,872765786331081
-82.5086,118.217995,-2.806,872765796312037
-83.2894,118.6206,-2.9889998,872765819443912
-83.1186,118.0106,-3.0133998,872765829437767
-82.7038,118.376595,-3.0012,872765839450665
-82.2158,118.047195,-3.0988,872765849444276
-82.6184,117.8642,-2.8181999,872765859444438
-82.6184,117.8642,-2.8181999,872765869444315
-82.5208,117.974,-2.4278,872765879431944
-81.7278,117.7056,-3.1109998,872765889443906
-82.5208,117.7788,-2.8181999,872765899465064
-82.6184,117.9252,-3.3062,872765909444719
-81.435,117.547,-3.1109998,872765930306452
-82.1182,117.876396,-3.0133998,872765940303807
-82.398796,118.3034,-3.0012,872765950284926
-82.886795,118.6206,-3.3794,872765960281507
-82.7038,118.2912,-3.0012,872765970284395
-82.2036,118.2912,-3.3916,872765980283906
-82.594,118.4864,-2.9036,872765990305105
-82.6794,119.0476,-2.2082,872766000305104
-82.886795,118.827995,-2.7937999,872766010302377
-83.57,119.255,-2.4888,872766020284636
-82.7526,119.6454,-2.684,872766030285367
-83.4846,118.840195,-2.013,872766040285448
-83.362595,119.3892,-1.9031999,872766050267828
-83.362595,119.3892,-1.9031999,872766060284958
-83.1552,119.462395,-2.2935998,872766070285161
-83.57,119.145195,-1.3298,872766080285160
-82.3012,118.5474,-1.9275999,872766090268314
-82.3012,118.5474,-1.9275999,872766100269778
-83.5822,118.7792,-1.4274,872766110285158
-83.496796,118.4864,-2.1227999,872766120285442
-82.899,118.6084,-1.9275999,872766130282512
-82.715996,118.1692,-2.0252,872766140284505
-82.3134,117.9862,-2.3302,872766161307697
-83.2162,118.1814,-1.4518,872766171346840
-82.423195,117.8154,-2.3302,872766181346676
-82.423195,117.9252,-1.7445999,872766191347123
-82.8258,117.7056,-2.3302,872766201326330
-83.0088,118.34,-1.9275999,872766211326125
-82.740395,117.583595,-1.3664,872766221338332
-82.1304,117.6446,-2.3302,872766231347324
-82.0328,117.766594,-1.7445999,872766241326449
-82.4476,117.290794,-2.1471999,872766251348665
-82.045,117.4006,-1.9519999,872766261327342
-82.0328,117.8398,-2.135,872766271346995
-82.6428,117.571396,-1.5616,872766281326324
-82.228,117.8276,-2.2326,872766291326119
-82.228,117.8276,-2.2326,872766301347074
-83.1308,117.6812,-2.5254,872766311326118
-82.3134,117.9984,-2.135,872766321346951
-82.3134,118.2668,-2.2203999,872766331326198
-82.423195,117.8154,-2.3302,872766352791365
-81.642395,117.4738,-2.5254,872766362800763
-82.5452,117.449394,-2.2447999,872766372800844
-82.3256,117.791,-2.8181999,872766382800477
-82.252396,117.0956,-2.44,872766392779765
-82.252396,117.0956,-2.44,872766402763000
-82.045,117.290794,-2.44,872766412780455
-82.3622,116.9004,-2.745,872766422780536
-81.337395,117.449394,-3.3062,872766432763527
-82.1426,117.412796,-3.416,872766442762631
-82.1426,117.412796,-3.416,872766452762305
-81.3496,117.2176,-4.2943997,872766462780655
-81.8376,117.437195,-3.2086,872766472780573
-81.630196,117.6934,-3.5014,872766482780491
-81.2154,118.157,-3.5867999,872766492763482
-81.2154,118.157,-3.5867999,872766502763155
-81.557,117.0346,-4.0992,872766512809541
-81.1422,117.424995,-3.9894,872766522779511
-80.849396,117.181,-3.8063998,872766532782359
-81.7522,117.0468,-3.8063998,872766542779957
-81.3496,117.0712,-3.6111999,872766552779672
-80.068596,116.7052,-4.9776,872766562779386
-81.069,116.485596,-4.7946,872766572799893
-81.178795,116.3148,-4.697,872766582800462
-81.069,116.4612,-5.3802,872766592779547
-80.4834,116.168396,-4.697,872766616210535
-79.9832,116.180595,-4.9898,872766626238489
-80.4712,116.6076,-4.8922,872766636227095
-80.886,116.144,-4.697,872766646206260
-79.6904,116.2538,-5.3802,872766656205894
-79.7026,115.8268,-5.002,872766666205120
-80.5932,115.9244,-5.7827997,872766676218384
-79.604996,115.6682,-4.9044,872766686226603
-79.3244,115.3388,-6.1731997,872766696201252
-79.117,115.4486,-5.9779997,872766706205524
-79.2268,115.3754,-5.5875998,872766729808264
-79.5318,115.1924,-5.5022,872766739787837
-79.5318,115.1924,-5.5022,872766749787185
-80.1174,115.4974,-5.7827997,872766759769606
-80.1174,115.4974,-5.7827997,872766769786695
-80.1174,115.4974,-5.9779997,872766779808423
-79.3244,115.1802,-5.795,872766789808341
-79.5196,115.3632,-5.5998,872766799808137
-79.0438,114.741,-6.0024,872766825661203
-79.5318,115.1802,-5.6974,872766835667102
-78.848595,114.5946,-5.5144,872766845681018
-79.056,114.472595,-6.0024,872766855681180
-78.873,114.1188,-6.2098,872766865660996
-79.1658,114.2896,-6.1,872766875660548
-78.4582,114.4238,-5.7096,872766885682195
-79.5684,114.2164,-5.429,872766895681136
-78.446,114.7532,-6.283,872766905681257
-78.568,114.143196,-5.917,872766915661196
-79.3732,114.0456,-5.429,872766939020610
-78.372795,114.2774,-5.4168,872766949018900
-78.982796,113.7772,-5.7218,872766959019184
-78.4704,114.326195,-5.9048,872766969020526
-78.8608,114.3994,-5.8072,872766979020892
-78.8608,114.3994,-5.8072,872766989003923
-78.9706,114.2286,-5.7218,872766999004777
-79.1658,114.4482,-4.8312,872767009021459
-79.0682,114.253,-5.1362,872767019003962
-79.6538,114.6556,-5.4168,872767029021458
-79.9466,114.741,-5.2216,872767039013075
-78.9462,114.68,-5.5144,872767048995130
-79.8368,115.0338,-4.819,872767059021211
-79.544,114.948395,-5.1117997,872767069021332
-80.032,115.2168,-4.7214,872767079017019
-80.337,115.1314,-4.331,872767089003956
-80.154,114.7166,-3.9528,872767099004362
-80.337,115.046,-4.2334,872767109037158
-80.825,115.4608,-4.331,872767119041430
-79.849,114.8752,-4.4407997,872767129051154
-80.8128,115.656,-4.1236,872767139020595
-80.8128,115.656,-4.1236,872767149025395
-79.727,115.3144,-4.7214,872767159041060
-80.6176,115.387596,-4.331,872767169041304
-80.4346,115.241196,-3.7454,872767179041425
-80.532196,115.253395,-3.4526,872767189020062
-79.8368,115.265594,-3.9406,872767199020631
-79.8368,115.265594,-3.9406,872767209041504
-81.0446,115.046,-3.6599998,872767219020385
-79.934395,115.3022,-3.1598,872767229041625
-80.715195,115.704796,-3.2452,872767239020669
-80.715195,115.704796,-3.2452,872767249012530
-79.6416,115.046,-3.2696,872767259003862
-80.642,114.960594,-3.8551998,872767269021317
-80.337,115.1924,-3.2574,872767279021276
-80.4468,114.8996,-3.5623999,872767289003616
-80.7518,114.8142,-3.2696,872767299022048
-80.6542,114.7044,-3.7575998,872767309017693
-80.3614,114.484795,-3.1842,872767319021110
-80.947,114.9972,-3.0744,872767329021313
-81.5326,115.3144,-3.1598,872767339004304
-81.2154,115.6194,-2.8669999,872767349003896
-80.239395,115.1924,-3.2574,872767359036529
-81.13,115.424194,-3.0621998,872767369003691
-80.9348,115.168,-3.172,872767379041207
-80.4346,115.265594,-3.4526,872767389022326
-80.4346,115.265594,-3.4526,872767399020697
-81.5204,115.6194,-2.5742,872767409041123
-80.6176,115.6194,-3.355,872767419041326
-81.3984,115.9732,-2.6596,872767429041447
-81.7034,115.839,-3.2452,872767439021712
-80.4224,115.6682,-2.5742,872767459127260
-81.788795,116.4002,-2.5498,872767469140280
-81.8864,116.3148,-2.4644,872767479128479
-80.8128,115.716995,-2.9645998,872767489130066
-80.702995,115.887794,-3.1476,872767499128844
-81.3984,116.2782,-2.074,872767509136208
-81.020195,115.424194,-3.1598,872767519149676
-81.618,115.595,-2.9645998,872767529128964
-80.6176,115.558395,-2.7694,872767539149675
-81.5082,115.9,-2.2691998,872767549128515
-81.8376,115.265594,-2.1959999,872767559149022
-80.715195,115.7658,-2.1838,872767569150445
-81.2276,115.3022,-2.0862,872767579149712
-81.1178,115.595,-1.6958,872767589129692
-81.1178,115.595,-1.6958,872767599129162
-81.2398,115.168,-1.22,872767609128551
-80.6542,114.7166,-2.013,872767619149953
-81.5448,115.0582,-1.3176,872767629140594
-81.337395,115.168,-1.3176,872767639128915
-80.9714,114.4238,-2.013,872767649128752
-81.862,114.6922,-1.4274,872767659149381
-81.252,114.8142,-1.2322,872767669149705
-81.3496,115.046,-1.9031999,872767679149542
-81.557,114.765396,-1.9153999,872767689128871
-81.0446,115.0338,-2.1959999,872767709705896
-80.7396,115.046,-2.1959999,872767719717532
-81.5692,114.6068,-1.4274,872767729683962
-81.1422,115.119194,-2.1959999,872767739683880
-80.861595,114.8264,-1.3176,872767761516276
-81.325195,115.424194,-1.5006,872767771500976
-81.2398,115.1436,-1.8055999,872767781516153
-80.9104,115.887794,-1.4884,872767791516070
-81.630196,115.4486,-2.379,872767801498654
-80.9226,115.6682,-2.0862,872767811516069
-82.0084,115.9488,-2.562,872767821516068
-80.8006,116.034195,-2.074,872767831507197
-81.8986,116.083,-1.8787999,872767841516148
-81.6912,116.339195,-2.1715999,872767851498732
-80.9836,116.4368,-2.5498,872767861531934
-81.5814,116.5954,-2.5498,872767871536084
-81.959595,116.937,-2.3546,872767881536002
-81.1422,117.449394,-1.8543999,872767891515453
-81.1422,117.449394,-1.8543999,872767901515045
-82.1426,117.364,-2.5376,872767911536284
-81.959595,117.107796,-2.5376,872767921535917
-81.7278,117.6446,-2.7206,872767931517118
-82.1426,117.266396,-2.7328,872767941515164
-81.5204,117.912994,-2.8181999,872767961851019
-81.618,117.888596,-3.2086,872767971837021
-83.203995,118.2912,-2.7084,872767981865788
-81.6058,118.2546,-3.0012,872767991867374
-82.398796,118.4864,-2.9036,872768001846214
-82.0694,119.145195,-2.4888,872768011845888
-82.3866,118.8768,-2.3058,872768021846335
-82.252396,119.6576,-2.7694,872768031866761
-83.045395,119.5722,-3.5623999,872768041867248
-82.4598,119.4014,-2.4888,872768051854674
-82.045,119.7064,-3.7454,872768061867247
-83.643196,119.8772,-2.379,872768071845721
-82.228,120.072395,-3.2574,872768081866757
-82.8014,120.5726,-3.3428,872768091846167
-82.8014,120.5726,-3.3428,872768101829687
-82.899,120.694595,-2.7572,872768111820164
-82.4964,120.8166,-4.0138,872768121846856
-83.0942,121.0362,-2.8425999,872768131827853
-82.655,121.8292,-3.4038,872768141832532
-82.655,121.8292,-3.4038,872768151847464
-82.594,121.023994,-3.5258,872768161846731
-82.581795,121.268,-3.8063998,872768171830861
-82.8624,121.621796,-3.7087998,872768181847055
-82.35,121.963394,-4.2822,872768191829558
-82.9722,121.451,-3.416,872768201847054
-82.1548,121.878,-4.3798,872768211826911
-83.5578,121.756,-3.9039998,872768221866258
-83.1186,122.5978,-3.3916,872768231849045
-82.6306,122.2196,-4.27,872768253279666
-83.1308,122.366,-4.3676,872768263269168
-82.423195,122.488,-4.4652,872768273264732
-82.6184,122.7564,-4.1724,872768283290691
-83.033195,122.2928,-4.1724,872768293270020
-82.838,122.183,-4.8677998,872768303290649
-82.9112,122.7808,-5.1362,872768313272094
-83.2284,122.305,-3.7819998,872768323290688
-81.74,121.9146,-5.6486,872768333270871
-82.6306,122.3538,-5.0508,872768354698564
-81.923,122.4514,-5.6363997,872768364719803
-82.410995,122.902794,-5.0386,872768374720047
-82.0206,122.548996,-5.3436,872768384719802
-81.5326,122.256195,-6.2219996,872768394699049
-82.6428,121.9878,-5.3557997,872768404699008
-82.0328,122.2074,-5.0508,872768414719515
-82.1426,122.0488,-6.1243997,872768424734773
-81.4472,122.0366,-5.4412,872768434699046
-81.7644,121.451,-6.1488,872768444699452
-81.7644,121.451,-6.1488,872768454698922
-81.0568,121.621796,-6.8198,872768464698840
-82.264595,121.2436,-6.2464,872768474718493
-81.8498,121.8902,-6.039,872768484718085
-81.5326,121.9146,-7.4908,872768494705999
-80.8372,122.061,-7.0028,872768516696599
-81.337395,122.0366,-7.1004,872768526705957
-81.2276,122.1952,-7.4908,872768536705875
-81.1422,121.878,-7.0028,872768546688947
-80.3126,122.5978,-7.4786,872768556705873
-80.3126,122.4758,-7.9666,872768566705872
-81.191,123.0004,-7.3687997,872768576705790
-81.2032,122.8296,-7.2834,872768586688415
-80.4956,122.8174,-8.1496,872768596705707
-80.715195,122.3538,-8.259399,872768606696592
-79.8124,122.5002,-8.064199,872768616686134
-80.702995,122.7808,-8.54,872768626686418
-80.4102,122.5368,-8.454599,872768636704443
-80.4102,122.5368,-8.454599,872768646705012
-80.581,123.2566,-8.2472,872768656725722
-79.8124,122.6344,-8.7474,872768666725925
-80.690796,123.0614,-8.4424,872768676704888
-80.1784,123.329796,-8.8206,872768686705172
-80.4102,122.585594,-9.1378,872768696703828
-80.3736,123.4152,-8.723,872768706718110
-80.4834,123.1102,-9.2232,872768716705169
-80.080795,123.281,-9.601399,872768726715260
-80.5688,123.403,-8.6254,872768736724862
-79.8612,123.5738,-9.406199,872768759846686
-79.775795,123.341995,-8.8206,872768769867478
-80.1662,123.5616,-9.406199,872768779867274
-80.556595,123.6104,-9.796599,872768789845707
-79.763596,123.586,-9.2109995,872768812006432
-80.276,123.195595,-9.503799,872768821993207
-79.0682,123.500595,-9.796599,872768831993247
-80.1662,123.6226,-9.991799,872768841955486
-78.7632,123.4762,-10.3822,872768864404987
-79.934395,124.2082,-9.1988,872768874422605
-79.6416,124.196,-9.5892,872768884407549
-79.6538,123.829994,-9.6868,872768894426957
-80.1418,124.134995,-10.1748,872768918096633
-78.9706,123.2688,-10.7726,872768928119663
-79.751396,123.9276,-9.5892,872768938117058
-79.8612,123.5982,-10.4798,872768948096183
-79.056,123.671394,-9.882,872768958095938
-79.2634,123.646996,-10.2724,872768968096222
-79.483,123.1346,-9.698999,872768978094675
-79.153595,123.829994,-10.1748,872768988094756
-78.873,123.2688,-10.9678,872768998117135
-78.7754,123.183395,-10.8702,872769008096464
-78.7022,122.793,-10.1016,872769029286322
-79.2756,123.159,-11.0654,872769039303452
-78.994995,122.915,-10.8824,872769049310735
-77.7018,122.6222,-10.7848,872769059286076
-78.3972,122.5368,-11.663199,872769069303613
-77.8116,122.4514,-12.151199,872769079303571
-77.896996,122.548996,-11.858399,872769089303652
-77.9214,122.183,-12.1634,872769099286236
-78.1898,122.731995,-11.467999,872769109303487
-78.2264,122.0244,-11.5778,872769119303731
-76.8966,122.793,-11.4558,872769129303364
-77.5066,122.390396,-11.858399,872769139323545
-77.0186,122.3172,-11.955999,872769149302833
-77.3358,121.817,-12.749,872769159302100
-77.3358,121.817,-12.749,872769169320939
-77.531,121.8414,-12.0658,872769179302831
-77.421196,122.0732,-12.9442,872769189318944
-76.5306,121.768196,-12.6514,872769199323622
-77.2382,121.658394,-12.4562,872769209302992
-77.2382,121.658394,-12.4562,872769219304334
-76.347595,121.316795,-12.9564,872769229324068
-77.433395,121.8292,-12.5538,872769239302338
-76.652596,121.0728,-13.8348,872769249290375
-77.1528,121.3656,-13.054,872769270750701
-76.823395,122.0,-13.0418,872769280753467
-76.4452,121.5608,-13.2369995,872769290732877
-77.348,121.3778,-12.7612,872769312398280
-76.2622,120.9508,-13.1516,872769322410201
-75.7864,120.5116,-13.6518,872769332412805
-76.8844,120.5848,-12.870999,872769342432946
-75.4814,120.4872,-14.1398,872769352412559
-76.506195,120.0236,-13.664,872769362412640
-76.506195,120.0236,-13.664,872769372433472
-76.3964,120.230995,-13.3712,872769382425130
-75.4936,120.2676,-13.3712,872769392433267
-75.713196,119.7918,-13.664,872769402413125
-75.5058,119.901596,-13.664,872769422816240
-75.7986,120.096794,-13.0784,872769432815914
-76.128,119.5478,-12.993,872769442816239
-76.335396,119.3526,-13.1882,872769452816360
-75.0178,119.6454,-13.7738,872769462795160
-75.7376,119.0842,-13.590799,872769472793369
-75.3472,119.0354,-13.395599,872769482815463
-75.0788,118.4498,-12.9198,872769492797111
-75.152,118.986595,-12.7123995,872769502815990
-75.5912,118.059395,-13.0296,872769512796051
-74.5908,118.0838,-13.5176,872769534891468
-75.3716,118.3156,-13.5054,872769544890328
-74.2858,118.1814,-13.5054,872769554887683
-75.2984,117.900795,-12.932,872769564870633
-75.2862,118.1448,-13.3224,872769574887803
-75.2008,117.8154,-12.932,872769584887884
-74.8104,117.449394,-13.529799,872769594887680
-75.103195,117.8276,-12.8344,872769604870467
-75.0178,117.3518,-13.4321995,872769614887800
-74.8104,117.6446,-13.1272,872769624869408
-75.0178,117.486,-12.749,872769634902935
-75.1154,117.4616,-13.0418,872769644887391
-74.2126,117.571396,-13.42,872769654887146
-74.2126,117.571396,-13.42,872769664886576
-75.408195,117.6324,-12.9442,872769674907327
-75.103195,117.8276,-12.932,872769684907652
-75.0056,117.754395,-12.6392,872769694907977
-75.4814,118.193596,-12.443999,872769704894955
-75.103195,117.766594,-12.248799,872769725379044
-75.8108,117.766594,-11.8706,872769735400527
-75.9328,116.973595,-11.59,872769745393731
-75.5912,117.9496,-11.955999,872769755393527
-76.8966,117.974,-11.858399,872769765392997
-77.0064,117.595795,-12.1634,872769775393688
-76.1158,117.5104,-11.3826,872769785414277
-76.201195,117.754395,-11.5778,872769795393321
-76.201195,117.754395,-11.5778,872769805392913
-77.0064,117.7178,-11.5778,872769815404794
-76.5184,117.583595,-11.3826,872769825394051
-77.0064,117.6812,-10.797,872769835413825
-77.2992,118.047195,-10.1992,872769845394660
-76.3842,118.230194,-10.98,872769867208622
-77.286995,118.217995,-10.492,872769877229496
-77.9824,118.279,-10.3944,872769887229780
-77.286995,118.1082,-10.8824,872769897229575
-77.9702,118.645,-10.187,872769907209270
-78.2874,118.3156,-9.516,872769917209188
-77.7872,118.3034,-10.004,872769927230184
-78.360596,118.827995,-9.796599,872769937229491
-78.385,118.510796,-9.1256,872769947229694
-78.629,119.633194,-9.4916,872769957216265
-78.7388,119.4014,-8.7108,872769979478797
-79.153595,119.0964,-9.0157995,872769989497676
-78.7266,119.755196,-8.8084,872769999477127
-78.3484,119.3282,-8.8206,872770009472894
-79.7392,119.56,-8.3204,872770034557243
-79.422,119.8406,-8.2228,872770044536816
-79.5318,119.7308,-8.6132,872770054535757
-80.544395,119.4136,-8.5278,872770064535919
-80.544395,119.4136,-8.5278,872770074552968
-79.604996,120.353,-8.4058,872770084553007
-79.141396,119.56,-8.8084,872770094552885
-80.215,120.0114,-7.6372,872770104535591
-80.4224,119.9992,-7.6372,872770114553005
-80.1174,120.096794,-7.9178,872770124560451
-79.6904,120.6458,-8.0032,872770134568222
-80.1906,120.706795,-8.0032,872770144527246
-79.299995,120.560394,-8.1008,872770154552026
-80.397995,120.597,-8.113,872770164550560
-80.6176,120.218796,-6.8564,872770174551821
-80.690796,120.6458,-7.137,872770184553000
-79.6904,120.8166,-8.1008,872770194551819
-80.3004,120.560394,-7.3322,872770204552510
-80.2882,120.706795,-7.8079996,872770225394550
-80.9592,121.316795,-7.6006,872770235390032
-81.6546,121.5852,-6.9174,872770245389747
-81.069,121.316795,-7.4054,872770255402238
-80.3614,121.4266,-7.6006,872770265407242
-81.252,121.792595,-6.8198,872770275407038
-81.2276,122.3294,-6.71,872770285389785
-80.2516,121.633995,-7.3078,872770295406955
-81.7278,122.1952,-7.198,872770305407361
-81.337395,122.0244,-7.3932,872770315407157
-81.020195,122.3294,-6.9052,872770325398530
-81.020195,122.3294,-6.9052,872770335407359
-81.4228,122.3416,-6.4172,872770345422983
-80.337,122.0,-7.0028,872770355427051
-81.8376,122.085396,-7.2956,872770365426969
-81.2398,122.0732,-6.5148,872770375406461
-82.045,121.817,-7.3078,872770385408128
-80.642,121.8658,-7.5884,872770395418097
-81.337395,121.963394,-6.71,872770405427373
-81.435,121.9878,-6.2219996,872770415406621
-81.13,122.3172,-7.1004,872770425406538
-81.630196,122.2318,-6.6124,872770435406049
-82.1426,121.8658,-6.2342,872770445427289
-82.6184,122.573395,-6.0267997,872770455427166
-81.7156,122.5002,-6.3196,872770465428671
-82.728195,122.305,-5.8315997,872770475406046
-82.728195,122.305,-5.8315997,872770485404703
-81.5082,122.573395,-6.8929996,872770495405923
-82.715996,122.4758,-6.1243997,872770505425250
-82.8136,122.548996,-6.1243997,872770515423703
-81.8132,122.5124,-6.0267997,872770525406368
-82.093796,123.1224,-6.1976,872770535405960
-82.093796,123.1224,-6.1976,872770545406041
-82.9966,123.012596,-5.8194,872770555427565
-81.8986,122.9638,-5.8194,872770565426995
-82.410995,122.731995,-6.4049997,872770575405591
-82.6184,122.585594,-5.7339997,872770585427441
-82.7038,122.9394,-5.6242,872770595427156
-82.105995,122.866196,-5.917,872770605427155
-82.6794,123.3786,-5.8072,872770615406443
-82.8624,124.0252,-5.3069997,872770625428333
-82.1792,123.512794,-5.4168,872770635426827
-83.3748,123.5372,-5.5144,872770645426989
-82.777,123.5982,-4.9288,872770655406562
-82.569595,123.7324,-5.8926,872770665406032
-82.4476,124.269196,-5.8803997,872770675426987
-82.252396,124.2204,-5.3069997,872770685427271
-82.9478,124.379,-5.1972,872770695406559
-82.655,123.9398,-5.4045997,872770705427310
-82.8258,124.610794,-5.7827997,872770715419293
-82.8258,124.610794,-5.7827997,872770725420513
-82.1182,124.915794,-5.7706,872770735426942
-83.4114,124.9768,-5.185,872770745405904
-83.4114,124.9768,-5.185,872770755428079
-83.1064,125.294,-6.0634,872770765406635
-82.899,125.3428,-5.3802,872770775426939
-83.57,125.9284,-5.4656,872770785405860
-82.581795,125.696594,-5.6608,872770795426652
-83.179596,125.842995,-5.7584,872770805405940
-83.0698,126.209,-5.7462,872770815405899
-82.4842,125.8674,-6.039,872770825427016
-83.4602,126.282196,-5.6486,872770835439222
-82.8502,126.5872,-5.4412,872770845426974
-83.4602,126.209,-5.4533997,872770855405936
-82.9356,126.928795,-5.6363997,872770865428519
-82.9234,127.1118,-5.5266,872770875426728
-83.5212,127.185,-5.3314,872770885428883
-82.728195,127.2094,-5.5266,872770895427214
-83.8872,127.9902,-5.0264,872770905405933
-83.8872,127.9902,-5.0264,872770915407071
-84.0946,127.880394,-5.2216,872770925407111
-83.179596,128.3684,-5.2093997,872770935389777
-83.7774,128.3318,-5.2093997,872770945407110
-83.667595,128.466,-4.6238,872770955392908
-84.265396,128.6734,-5.2093997,872770965406701
-84.0458,129.0394,-5.002,872770975400760
-84.265396,128.4782,-5.5022,872770985407066
-83.1552,128.9784,-5.2948,872770995388795
-83.4358,129.4542,-4.5018,872771005406332
-84.5216,129.66159,-4.697,872771015407064
-83.6188,129.686,-4.9898,872771025427042
-83.8872,130.3814,-4.9653997,872771035406411
-83.8872,130.3814,-4.9653997,872771045406126
-84.4972,130.357,-4.9776,872771055427365
-84.1068,130.0154,-5.0752,872771065426795
-83.984795,130.601,-4.2822,872771075406937
-84.1922,130.29599,-4.6848,872771085426915
-83.5944,130.3936,-5.1605997,872771095405878
-84.4728,130.8328,-4.3798,872771105427158
-84.5704,130.8572,-3.9894,872771115417839
-83.972595,130.9304,-4.758,872771125427238
-84.265396,131.089,-4.8556,872771135423209
-84.4606,131.1012,-4.3676,872771145426911
-83.7652,131.1378,-4.3676,872771155427154
-84.1434,131.65019,-4.453,872771165406198
-84.5338,131.8454,-3.6722,872771175406319
-83.350395,131.6258,-3.8674,872771185406603
-84.5216,132.0162,-3.965,872771195405952
-84.5216,132.1016,-3.8551998,872771205426621
-85.826996,132.0162,-2.8913999,872771215406316
-84.6192,132.187,-3.9528,872771225406438
-85.4244,132.2114,-2.8913999,872771235426538
-85.0096,132.4798,-3.0744,872771245405826
-84.9242,132.1992,-3.3672,872771255445701
-84.6192,132.4066,-3.0744,872771265399843
-85.229195,132.1138,-3.1842,872771275406068
-85.216995,132.1992,-3.2818,872771285426738
-84.3142,132.30899,-3.5623999,872771295427266
-85.1926,132.736,-3.0744,872771305406065
-85.1926,132.736,-3.0744,872771315405780
-85.583,132.9678,-3.4526,872771325426531
-85.095,132.7482,-3.0744,872771335406307
-85.2902,132.9068,-3.2574,872771345426408
-85.7172,132.1992,-2.6962,872771355406143
-85.997795,132.7238,-2.7816,872771365406061
-85.4122,132.2968,-2.8792,872771375430922
-84.8388,131.7112,-2.6962,872771385405775
-85.8148,132.28459,-2.6962,872771395426607
-85.0218,132.1992,-3.3672,872771405406343
-85.826996,132.065,-2.013,872771425681447
-85.9124,132.3822,-2.4888,872771435702076
-84.423996,132.2236,-3.3672,872771445701709
-84.851,131.6014,-3.1964,872771455702034
-85.339,131.7112,-2.4156,872771465681403
-85.839195,131.7356,-3.0865998,872771475681036
-84.6314,131.96739,-2.9889998,872771485702195
-85.156,131.2842,-3.6843998,872771495706344
-85.3512,131.394,-3.0988,872771505700403
-84.448395,131.7356,-2.6962,872771515681237
-84.9486,131.7112,-2.5986,872771525680382
-84.9486,131.7112,-2.5986,872771535684653
-85.6562,131.4062,-2.7084,872771545702353
-83.9482,131.4428,-3.3916,872771555702311
-84.546,131.6014,-3.294,872771565681559
-85.156,131.3208,-3.1964,872771575681029
-85.058395,131.3086,-3.294,872771585702187
-84.851,131.2964,-3.6843998,872771595697019
-85.5586,131.2476,-2.5132,872771605681190
-85.4488,131.4916,-2.9036,872771615681148
-85.1682,131.1622,-2.8181999,872771625702062
-84.6802,130.7962,-3.4038,872771635718826
-85.278,130.784,-3.1109998,872771645702101
-85.070595,130.967,-3.2086,872771655681511
-84.7168,129.97879,-3.7087998,872771665683545
-84.9852,130.7962,-3.1109998,872771675682242
-84.7046,130.2838,-3.0256,872771685682241
-85.1072,130.1496,-3.5135999,872771695682200
-84.7168,129.95439,-4.0016,872771705664703
-84.8144,129.95439,-3.9162,872771715664742
-84.6192,129.6982,-4.0138,872771725682035
-84.5338,129.5152,-4.209,872771735673001
-84.729,129.63719,-3.3306,872771745657090
-85.0096,129.9422,-4.0138,872771755680649
-84.0214,129.7714,-3.1354,872771765682113
-84.6436,129.34439,-4.026,872771775692000
-84.5338,129.5274,-4.0138,872771785743066
-84.546,128.9784,-4.2212,872771795680646
-83.6798,128.4904,-4.0382,872771805701967
-84.973,128.55139,-3.5502,872771815662212
-84.7778,128.4538,-3.9406,872771825702210
-83.8872,128.1488,-3.6599998,872771835681498
-84.18,128.283,-4.1358,872771845680887
-84.1068,127.795,-3.5623999,872771855690814
-84.2166,127.5754,-4.1602,872771865701881
-84.3996,127.7584,-3.8674,872771875680640
-84.911995,127.5022,-3.1842,872771885681128
-84.5216,127.3192,-3.6722,872771895681290
-83.9482,126.782394,-4.1724,872771905702529
-84.0336,126.9776,-3.7819998,872771915702203
-84.4606,126.5018,-4.087,872771925701755
-84.3508,126.5384,-3.4038,872771935681409
-84.5582,126.3432,-3.599,872771945681042
-84.5582,126.3432,-3.599,872771955701915
-83.5944,125.7698,-3.5135999,872771965681407
-83.496796,125.6356,-4.4895997,872771975701792
-83.692,125.599,-3.3306,872771985680429
-83.4114,125.1232,-4.1114,872771995678353
-84.118996,124.915794,-4.026,872772005678840
-84.2288,124.6596,-3.8307998,872772015700487
-83.326,124.92799,-4.514,872772025681768
-83.326,124.92799,-4.514,872772035680913
-83.631,124.6962,-3.7331998,872772045702153
-84.058,124.2448,-3.5502,872772055701989
-83.1552,124.0496,-4.5262,872772065680707
-83.936,124.586395,-3.7331998,872772075701743
-83.1674,123.829994,-3.7575998,872772085696127
-83.8384,124.379,-4.331,872772095681478
-83.4846,123.5616,-3.4648,872772117599852
-82.4964,123.1224,-4.1602,872772127605507
-83.801796,123.1102,-3.3794,872772137623776
-82.899,123.098,-4.2578,872772147600948
-84.3142,122.585594,-4.27,872772157603674
-83.5212,122.585594,-3.294,872772167599685
-83.020996,122.5246,-3.1964,872772177620640
-82.7526,122.0,-3.4038,872772187620843
-83.7408,122.1464,-3.2086,872772197620760
-83.265,121.5608,-4.4895997,872772207600170
-83.753,121.8658,-3.4038,872772217600251
-82.289,121.0972,-4.1114,872772227589630
-82.3866,120.9264,-3.9162,872772237599965
-82.3866,120.9264,-3.9162,872772247599557
-83.1674,121.328995,-3.8063998,872772257599841
-83.1674,121.328995,-3.8063998,872772267599881
-82.594,120.706795,-4.3066,872772277610826
-82.6062,120.548195,-4.1236,872772287620998
-82.3866,120.9264,-3.8186,872772297588893
-82.2036,120.535995,-4.514,872772307598373
-82.2036,120.535995,-4.514,872772317621280
-83.1186,120.3408,-4.1236,872772327638654
-81.5326,120.0358,-4.6116,872772337616030
-82.228,120.109,-4.2212,872772347600608
-81.8376,119.8406,-4.6238,872772369419495
-82.045,119.779594,-4.0382,872772379419087
-82.423195,120.0114,-4.2334,872772389441669
-81.8254,120.0236,-4.514,872772399440244
-81.5448,119.6698,-4.7214,872772409440244
-82.8258,119.8772,-4.819,872772419419369
-82.228,119.913795,-4.5262,872772429419409
-81.5326,119.7308,-5.2093997,872772450549819
-82.1304,120.0114,-4.514,872772460546278
-81.435,119.8528,-4.819,872772470563978
-81.0446,119.6698,-5.2093997,872772480563529
-82.1426,119.6454,-4.7214,872772490563610
-81.4106,120.3164,-4.4164,872772500542532
-82.1304,120.0114,-4.4164,872772536133960
-81.9108,120.292,-4.4164,872772546116666
-81.6546,119.474594,-5.0141997,872772556129767
-81.9108,120.2676,-4.8068,872772566129685
-82.1304,119.901596,-4.9165998,872772576112513
-82.2158,120.3408,-4.8068,872772586129399
-82.715996,120.243195,-4.7092,872772596129642
-82.228,119.987,-4.9044,872772606106001
-81.923,120.1822,-4.9044,872772616129682
-81.9108,120.2798,-4.7092,872772626112306
-81.9962,120.7312,-4.4042,872772636124675
-82.5086,120.5116,-4.7092,872772646142578
-82.3134,120.414,-5.002,872772656128743
-81.7156,120.3042,-4.4164,872772666149535
-82.8136,120.218796,-5.0996,872772676128782
-82.1182,120.2798,-4.514,872772686128781
-82.1182,120.2798,-4.514,872772696120276
-81.312996,120.255394,-5.49,872772706124711
-81.8986,120.5116,-5.185,872772716149571
-81.5936,120.7922,-5.2826,872772726129226
-82.093796,120.706795,-4.8922,872772748272453
-81.8742,121.170395,-4.6848,872772758289949
-81.2886,120.877594,-5.5754,872772768290029
-81.557,121.6096,-4.9653997,872772778272898
-81.8742,121.316795,-5.2704,872772788289946
-81.2642,121.573,-5.9414,872772798289742
-81.5814,120.9386,-5.7584,872772808289986
-82.3622,121.499794,-4.7824,872772818279772
-82.3622,121.487595,-4.88,872772828272691
-81.557,121.695,-4.9653997,872772838289983
-81.642395,122.0244,-5.4533997,872772848305648
-82.252396,121.8658,-4.575,872772858289209
-82.1548,121.6828,-4.8677998,872772868309472
-82.0694,121.512,-4.6848,872772878288760
-82.167,121.4144,-4.88,872772888290386
-82.167,121.4144,-4.88,872772898309632
-81.9718,121.4266,-4.6848,872772908309713
-82.1548,121.756,-5.1605997,872772918282246
-82.0816,121.1094,-5.4656,872772928289000
-82.3744,121.158195,-4.3919997,872772949584531
-81.483795,121.0972,-4.7824,872772959605160
-81.8864,121.085,-4.4895997,872772969585343
-81.5692,121.4266,-5.1728,872772979584081
-82.3866,120.865395,-4.8922,872773004832289
-82.0816,121.0362,-5.2704,872773014848157
-81.374,121.1216,-5.856,872773024847953
-81.5814,121.0362,-5.6608,872773034830903
-81.557,121.475395,-5.8438,872773044847382
-80.9592,121.487595,-6.039,872773054829071
-81.862,121.573,-5.4533997,872773064848031
-81.0324,122.097595,-6.1243997,872773074844165
-81.630196,122.2196,-5.246,872773084848274
-81.0446,121.8292,-6.2342,872773094831143
-81.959595,121.5486,-5.8438,872773104863165
-81.8498,121.7194,-5.9414,872773114835536
-81.2398,121.9024,-6.3318,872773124847213
-81.2398,121.9024,-6.3318,872773134847334
-81.8254,122.2074,-6.9052,872773144867760
-81.325195,122.3294,-6.5148,872773154847252
-81.9108,122.6344,-7.0882,872773164867799
-81.6058,122.8174,-7.1858,872773174847372
