-33.15,-44.550003,-2.8312502,590984754607070
-32.7,-45.16875,-3.16875,590984764607070
-32.30625,-44.831253,-3.16875,590984774607070
-31.800001,-44.662502,-3.8437502,590984784607070
-31.1625,-44.68125,-4.33125,590984794607070
-31.10625,-44.8125,-4.59375,590984804607070
-31.06875,-44.8875,-4.8,590984814607070
-31.35,-45.05625,-4.6312504,590984824607070
-31.06875,-45.15,-5.0062504,590984834607070
-30.393751,-45.0,-5.53125,590984844607070
-30.487501,-45.09375,-5.7000003,590984854607070
-30.375002,-45.28125,-5.5125003,590984864607070
-30.187502,-45.487503,-5.7000003,590984874607070
-29.8875,-45.43125,-5.8500004,590984884607070
-29.60625,-45.3375,-5.9812503,590984894607070
-28.837502,-45.05625,-6.43125,590984904607070
-28.500002,-44.86875,-6.5062504,590984914607070
-28.331251,-44.8875,-6.20625,590984924607070
-27.581251,-44.8875,-6.5437503,590984934607070
-27.093752,-44.775,-6.7312503,590984944607070
-27.750002,-44.5875,-6.05625,590984954607070
-27.825,-44.98125,-5.7375,590984964607070
-27.487501,-44.925003,-5.6062503,590984974607070
-27.35625,-45.05625,-5.3250003,590984984607070
-27.187502,-45.16875,-5.15625,590984994607070
-27.281252,-45.45,-5.34375,590985004607070
-27.2625,-45.46875,-5.0625,590985014607070
-27.281252,-45.375,-4.89375,590985024607070
-26.5125,-45.54375,-5.2125,590985034607070
-26.643751,-45.2625,-4.96875,590985044607070
-27.91875,-45.675003,-4.2375,590985054607070
-28.987501,-46.0125,-3.6000001,590985064607070
-29.812502,-46.162502,-3.1125002,590985074607070
-30.581251,-45.862503,-2.3625002,590985084607070
-31.593752,-46.050003,-1.7062501,590985094607070
-32.8875,-46.2,-0.88125,590985104607070
-34.65,-46.0875,-0.0375,590985114607070
-35.193752,-45.84375,0.31875002,590985124607070
-34.912502,-45.581253,0.16875,590985134607070
-35.2125,-45.2625,0.61875004,590985144607070
-35.456253,-44.943752,1.0875001,590985154607070
-35.4375,-44.98125,1.21875,590985164607070
-35.100002,-44.625,1.2,590985174607070
-34.40625,-44.4,0.7875,590985184607070
-33.35625,-44.081253,0.73125005,590985194607070
-32.756252,-43.987503,0.675,590985204607070
-32.175003,-43.725002,0.93750006,590985214607070
-31.331251,-43.40625,0.61875004,590985224607070
-30.6,-43.18125,0.26250002,590985234607070
-30.975,-42.862503,0.675,590985244607070
-30.825,-42.6375,0.69375,590985254607070
-30.843752,-42.45,0.84375006,590985264607070
-31.06875,-42.43125,1.0500001,590985274607070
-31.687502,-42.46875,1.5,590985284607070
-31.875002,-42.28125,1.5187501,590985294607070
-31.837502,-42.206253,1.5,590985304607070
-32.006252,-42.16875,1.6500001,590985314607070
-31.500002,-42.206253,1.4625001,590985324607070
-31.556252,-42.318752,1.5375,590985334607070
-31.518751,-42.24375,1.7062501,590985344607070
-32.1375,-42.28125,2.0812502,590985354607070
-32.4375,-42.300003,2.3625002,590985364607070
-33.112503,-42.525,2.8312502,590985374607070
-33.600002,-42.787502,3.5812502,590985384607070
-33.881252,-42.825,3.99375,590985394607070
-34.2,-43.143753,4.3500004,590985404607070
-34.66875,-43.162502,4.9500003,590985414607070
-34.912502,-43.275,5.30625,590985424607070
-33.99375,-43.331253,5.34375,590985434607070
-33.393753,-43.350002,5.4375,590985444607070
-33.787502,-43.575,6.0,590985454607070
-34.03125,-43.537502,6.1312504,590985464607070
-33.99375,-43.95,6.5437503,590985474607070
-34.3125,-43.800003,6.99375,590985484607070
-34.237503,-43.875,7.4437504,590985494607070
-34.237503,-44.025,7.8,590985504607070
-34.5,-43.987503,8.38125,590985514607070
-34.537502,-43.875,9.0,590985524607070
-33.91875,-43.706253,9.168751,590985534607070
-33.73125,-43.55625,9.58125,590985544607070
-33.91875,-43.40625,9.825001,590985554607070
-33.91875,-43.537502,10.25625,590985564607070
-33.65625,-43.518753,10.33125,590985574607070
-33.862503,-43.631252,10.931251,590985584607070
-34.10625,-43.8375,10.950001,590985594607070
-34.162502,-43.6875,10.725,590985604607070
-33.99375,-43.4625,10.481251,590985614607070
-33.787502,-43.331253,10.1625,590985624607070
-33.825,-43.0125,10.21875,590985634607070
-33.9375,-42.73125,9.95625,590985644607070
-34.575,-42.825,9.7875,590985654607070
-34.5,-42.506252,9.28125,590985664607070
-34.425003,-42.112503,9.150001,590985674607070
-34.5,-42.09375,9.0,590985684607070
-34.95,-42.1875,9.262501,590985694607070
-35.11875,-42.24375,9.337501,590985704607070
-35.175003,-42.393753,9.375,590985714607070
-34.93125,-42.43125,9.450001,590985724607070
-34.78125,-42.2625,9.825001,590985734607070
-34.612503,-42.131252,10.05,590985744607070
-35.006252,-42.24375,10.481251,590985754607070
-35.25,-42.28125,10.668751,590985764607070
-35.2125,-42.24375,10.575001,590985774607070
-35.5125,-42.2625,10.725,590985784607070
-35.41875,-42.131252,10.5375,590985794607070
-35.287502,-41.925003,10.44375,590985804607070
-35.2125,-41.662502,10.387501,590985814607070
-35.53125,-41.79375,10.35,590985824607070
-35.268753,-41.756252,9.993751,590985834607070
-35.362503,-41.775,9.993751,590985844607070
-35.79375,-41.662502,10.3125,590985854607070
-35.662502,-41.71875,10.44375,590985864607070
-35.737503,-41.775,10.650001,590985874607070
-35.775,-41.7,11.0625,590985884607070
-35.550003,-41.756252,11.0625,590985894607070
-35.925003,-41.68125,11.45625,590985904607070
-36.09375,-41.625,11.681251,590985914607070
-36.131252,-41.5125,11.981251,590985924607070
-36.075,-41.456253,12.0375,590985934607070
-36.43125,-41.41875,12.281251,590985944607070
-37.3125,-41.381252,12.975,590985954607070
-38.081253,-41.662502,13.33125,590985964607070
-38.475002,-42.018753,13.668751,590985974607070
-38.41875,-42.075,13.875001,590985984607070
-38.5125,-41.9625,14.08125,590985994607070
-38.5125,-42.15,14.306251,590986004607070
-38.4375,-42.35625,14.26875,590986014607070
-38.775,-42.318752,14.3625,590986024607070
-38.5125,-42.487503,13.950001,590986034607070
-38.756252,-42.3375,14.2875,590986044607070
-39.43125,-42.28125,14.475,590986054607070
-39.956253,-42.61875,14.793751,590986064607070
-40.10625,-42.825,15.262501,590986074607070
-40.350002,-42.862503,15.4125,590986084607070
-40.5,-42.7125,15.8625,590986094607070
-40.2,-42.7125,15.918751,590986104607070
-39.91875,-42.675003,16.143751,590986114607070
-39.46875,-42.91875,15.69375,590986124607070
-38.9625,-42.61875,15.712501,590986134607070
-38.925003,-42.300003,15.843751,590986144607070
-38.775,-42.05625,15.262501,590986154607070
-38.68125,-41.71875,15.01875,590986164607070
-38.7,-41.625,15.000001,590986174607070
-38.662502,-41.5875,15.20625,590986184607070
-38.9625,-41.475002,15.31875,590986194607070
-39.075,-41.381252,15.337501,590986204607070
-38.98125,-41.41875,15.4875,590986214607070
-38.456253,-41.4375,15.20625,590986224607070
-38.268753,-41.456253,15.356251,590986234607070
-38.49375,-41.756252,15.731251,590986244607070
-38.850002,-41.925003,15.918751,590986254607070
-38.737503,-41.79375,15.637501,590986264607070
-38.475002,-41.737503,15.618751,590986274607070
-38.456253,-41.625,15.431251,590986284607070
-38.5875,-41.662502,15.168751,590986294607070
-38.737503,-41.60625,14.887501,590986304607070
-39.037502,-41.643753,14.793751,590986314607070
-38.943752,-41.550003,14.45625,590986324607070
-38.41875,-41.49375,14.250001,590986334607070
-38.4375,-41.381252,14.26875,590986344607070
-38.737503,-41.53125,14.325001,590986354607070
-38.53125,-41.4,14.587501,590986364607070
-38.4,-41.30625,14.812501,590986374607070
-38.41875,-41.362503,15.168751,590986384607070
-38.34375,-41.34375,15.356251,590986394607070
-38.49375,-41.006252,15.6,590986404607070
-38.8125,-40.6875,15.69375,590986414607070
-39.2625,-40.96875,16.06875,590986424607070
-39.35625,-40.987503,16.10625,590986434607070
-39.318752,-40.7625,16.0125,590986444607070
-38.79375,-40.66875,15.76875,590986454607070
-38.4375,-40.55625,15.525001,590986464607070
-38.325,-40.3875,15.4875,590986474607070
-37.893753,-40.3875,15.656251,590986484607070
-37.443752,-40.4625,15.525001,590986494607070
-36.675003,-40.0875,15.562501,590986504607070
-36.05625,-39.825,15.88125,590986514607070
-36.018753,-40.068752,16.35,590986524607070
-36.84375,-40.125,17.1,590986534607070
-37.18125,-40.18125,17.587502,590986544607070
-37.36875,-40.29375,18.075,590986554607070
-37.725002,-40.4625,18.35625,590986564607070
-38.15625,-40.631252,19.03125,590986574607070
-39.16875,-40.631252,19.21875,590986584607070
-40.125,-40.7625,19.331251,590986594607070
-41.775,-40.8375,20.268751,590986604607070
-43.10625,-40.893753,20.94375,590986614607070
-44.325,-40.725002,21.618752,590986624607070
-45.54375,-40.706253,22.331251,590986634607070
-46.18125,-40.36875,22.66875,590986644607070
-47.98125,-40.4625,22.931252,590986654607070
-49.312504,-40.912502,23.60625,590986664607070
-49.4625,-40.7625,24.056252,590986674607070
-48.937504,-40.85625,23.475,590986684607070
-47.0625,-40.48125,22.03125,590986694607070
-45.7125,-40.21875,20.681252,590986704607070
-44.643753,-39.600002,19.987501,590986714607070
-43.96875,-39.318752,19.518751,590986724607070
-42.0,-38.568752,18.993752,590986734607070
-39.9375,-37.575,18.35625,590986744607070
-39.15,-37.068752,17.85,590986754607070
-38.193752,-36.075,17.8125,590986764607070
-38.60625,-35.5125,18.768751,590986774607070
-38.7,-35.23125,19.85625,590986784607070
-38.79375,-35.2125,19.987501,590986794607070
-38.7,-35.006252,20.081251,590986804607070
-38.850002,-34.93125,20.2875,590986814607070
-38.86875,-34.74375,20.53125,590986824607070
-39.018753,-34.537502,20.7,590986834607070
-39.16875,-34.66875,20.4375,590986844607070
-39.15,-34.612503,20.212502,590986854607070
-39.393753,-34.36875,20.19375,590986864607070
-39.5625,-34.0875,20.400002,590986874607070
-40.443752,-34.21875,20.8875,590986884607070
-40.74375,-34.10625,21.28125,590986894607070
-41.8125,-34.40625,21.393751,590986904607070
-42.65625,-34.331253,21.73125,590986914607070
-43.5,-34.237503,22.3125,590986924607070
-44.0625,-33.956253,22.650002,590986934607070
-44.34375,-33.6375,22.9125,590986944607070
-43.893753,-33.393753,22.706251,590986954607070
-43.050003,-32.86875,22.331251,590986964607070
-42.412502,-32.287502,21.825,590986974607070
-41.325,-31.35,21.6375,590986984607070
-40.162502,-30.6375,21.09375,590986994607070
-39.037502,-30.000002,20.5125,590987004607070
-38.8875,-29.7,20.625,590987014607070
-39.0,-29.75625,20.362501,590987024607070
-39.45,-29.7,20.550001,590987034607070
-39.91875,-29.6625,21.018751,590987044607070
-40.48125,-29.79375,21.45,590987054607070
-41.325,-29.98125,22.06875,590987064607070
-41.925003,-30.112501,22.06875,590987074607070
-42.3375,-29.831251,22.425001,590987084607070
-41.90625,-29.737501,21.900002,590987094607070
-41.4375,-29.2875,21.91875,590987104607070
-40.893753,-28.875002,21.65625,590987114607070
-40.96875,-28.687502,21.65625,590987124607070
-40.800003,-28.3875,21.35625,590987134607070
-39.75,-28.050001,20.8125,590987144607070
-38.90625,-27.843752,20.94375,590987154607070
-38.831253,-27.900002,21.018751,590987164607070
-39.09375,-27.806252,21.431252,590987174607070
-39.693752,-27.750002,21.5625,590987184607070
-40.893753,-27.937502,22.3125,590987194607070
-41.362503,-27.7875,22.368752,590987204607070
-42.206253,-27.843752,22.875,590987214607070
-43.800003,-27.993752,23.775002,590987224607070
-45.16875,-28.237501,24.431252,590987234607070
-45.037502,-28.181252,24.50625,590987244607070
-44.49375,-28.125002,24.31875,590987254607070
-44.100002,-28.181252,24.31875,590987264607070
-43.03125,-27.862501,23.775002,590987274607070
-42.09375,-27.69375,23.681252,590987284607070
-41.100002,-27.562502,23.15625,590987294607070
-39.975002,-27.468752,22.331251,590987304607070
-39.5625,-27.337502,22.237501,590987314607070
-40.0125,-27.50625,22.0125,590987324607070
-40.18125,-27.581251,22.143751,590987334607070
-40.068752,-27.525002,22.25625,590987344607070
-40.18125,-27.88125,22.425001,590987354607070
-40.55625,-28.237501,22.3875,590987364607070
-40.40625,-28.275002,22.425001,590987374607070
-40.256252,-28.331251,22.29375,590987384607070
-40.03125,-28.556252,22.181252,590987394607070
-39.46875,-28.3875,22.29375,590987404607070
-40.125,-28.462502,22.59375,590987414607070
-40.537502,-28.63125,22.800001,590987424607070
-40.5,-28.7625,22.78125,590987434607070
-40.537502,-28.837502,23.325,590987444607070
-40.706253,-28.781252,23.38125,590987454607070
-40.66875,-28.781252,23.71875,590987464607070
-40.40625,-28.650002,23.41875,590987474607070
-40.21875,-28.725,23.2875,590987484607070
-39.693752,-28.7625,23.175001,590987494607070
-39.018753,-28.63125,22.575,590987504607070
-38.86875,-28.3875,22.368752,590987514607070
-38.943752,-28.237501,21.91875,590987524607070
-38.925003,-28.087502,22.1625,590987534607070
-38.79375,-28.25625,21.46875,590987544607070
-38.71875,-28.35,21.6375,590987554607070
-39.506252,-28.593752,21.993752,590987564607070
-39.3375,-28.406252,21.6375,590987574607070
-39.412502,-28.406252,21.69375,590987584607070
-39.9,-28.44375,21.9375,590987594607070
-39.693752,-28.556252,21.581251,590987604607070
-39.487503,-28.7625,21.16875,590987614607070
-40.36875,-28.687502,21.975,590987624607070
-40.66875,-28.987501,22.0125,590987634607070
-40.143753,-28.63125,21.956251,590987644607070
-40.237503,-28.875002,22.1625,590987654607070
-40.7625,-29.062502,22.556252,590987664607070
-40.518753,-29.04375,22.331251,590987674607070
-40.443752,-28.85625,22.35,590987684607070
-40.425003,-28.837502,22.48125,590987694607070
-39.7125,-28.837502,22.1625,590987704607070
-39.693752,-28.275002,22.181252,590987714607070
-40.050003,-28.687502,21.862501,590987724607070
-40.575,-28.687502,21.75,590987734607070
-40.350002,-28.781252,21.525002,590987744607070
-40.03125,-28.743752,21.618752,590987754607070
-40.10625,-28.85625,21.712502,590987764607070
-40.331253,-28.9125,21.6,590987774607070
-40.29375,-28.781252,21.45,590987784607070
-39.862503,-28.687502,21.431252,590987794607070
-39.54375,-28.612501,21.300001,590987804607070
-39.45,-28.462502,21.54375,590987814607070
-39.525,-28.050001,21.69375,590987824607070
-39.487503,-28.25625,21.675001,590987834607070
-39.131252,-27.975,21.525002,590987844607070
-38.90625,-27.993752,21.73125,590987854607070
-39.131252,-27.975,21.73125,590987864607070
-39.675003,-28.368752,21.46875,590987874607070
-39.956253,-28.237501,21.675001,590987884607070
-39.787502,-28.406252,21.46875,590987894607070
-39.2625,-28.556252,20.94375,590987904607070
-40.10625,-28.63125,21.018751,590987914607070
-40.143753,-29.04375,20.94375,590987924607070
-40.256252,-29.1,20.587502,590987934607070
-40.162502,-29.23125,20.34375,590987944607070
-40.162502,-29.19375,20.868752,590987954607070
-39.787502,-29.325,20.60625,590987964607070
-39.881252,-29.362501,20.6625,590987974607070
-40.3875,-29.268751,20.98125,590987984607070
-39.7125,-29.00625,20.456251,590987994607070
-39.825,-28.781252,20.587502,590988004607070
-39.6375,-28.650002,20.71875,590988014607070
-40.3125,-28.66875,21.09375,590988024607070
-40.050003,-28.518751,20.493752,590988034607070
-40.050003,-28.1625,20.8125,590988044607070
-39.65625,-28.06875,20.831251,590988054607070
-39.862503,-28.181252,20.60625,590988064607070
-39.881252,-28.331251,20.56875,590988074607070
-40.03125,-28.425001,20.4375,590988084607070
-40.256252,-28.48125,20.493752,590988094607070
-39.581253,-28.425001,20.04375,590988104607070
-39.581253,-28.331251,20.175001,590988114607070
-40.40625,-28.837502,20.212502,590988124607070
-40.6875,-28.987501,19.575,590988134607070
-40.29375,-29.025002,19.96875,590988144607070
-40.40625,-29.025002,20.400002,590988154607070
-40.40625,-28.85625,20.325,590988164607070
-40.537502,-28.837502,20.23125,590988174607070
-41.100002,-28.81875,20.5125,590988184607070
-41.4375,-29.062502,20.625,590988194607070
-41.100002,-28.781252,20.53125,590988204607070
-41.943752,-28.931252,21.31875,590988214607070
-42.54375,-28.781252,20.8875,590988224607070
-42.99375,-28.837502,21.16875,590988234607070
-43.48125,-29.175001,21.900002,590988244607070
-43.6875,-29.362501,22.125,590988254607070
-43.95,-29.550001,22.462502,590988264607070
-43.96875,-29.250002,22.368752,590988274607070
-43.893753,-28.968752,22.40625,590988284607070
-43.443752,-28.518751,22.050001,590988294607070
-42.91875,-28.425001,22.1625,590988304607070
-43.800003,-28.35,22.706251,590988314607070
-44.04375,-28.087502,22.5375,590988324607070
-44.175003,-27.88125,22.63125,590988334607070
-43.893753,-27.562502,22.893751,590988344607070
-43.912502,-27.581251,23.15625,590988354607070
-44.0625,-27.73125,23.1375,590988364607070
-44.15625,-27.6375,23.15625,590988374607070
-44.4375,-27.6,23.493752,590988384607070
-43.48125,-27.300001,23.00625,590988394607070
-43.125,-27.075,23.00625,590988404607070
-42.956253,-26.85,22.893751,590988414607070
-43.706253,-26.7,23.212502,590988424607070
-44.11875,-26.7,23.41875,590988434607070
-44.04375,-26.475,23.925001,590988444607070
-43.725002,-26.531252,24.487501,590988454607070
-43.65,-26.6625,24.750002,590988464607070
-43.256252,-26.38125,24.525002,590988474607070
-42.9,-25.875002,24.35625,590988484607070
-42.73125,-25.781252,24.54375,590988494607070
-41.456253,-25.518751,23.98125,590988504607070
-40.65,-25.125002,23.94375,590988514607070
-40.612503,-25.050001,24.056252,590988524607070
-40.65,-24.750002,23.90625,590988534607070
-40.256252,-24.300001,23.868752,590988544607070
-40.5,-24.50625,24.45,590988554607070
-40.706253,-25.031252,24.975,590988564607070
-41.362503,-24.806252,25.593752,590988574607070
-42.2625,-24.843752,25.931252,590988584607070
-42.956253,-24.6,26.38125,590988594607070
-43.256252,-24.35625,26.23125,590988604607070
-44.006252,-24.018751,26.8875,590988614607070
-45.018753,-23.8125,27.150002,590988624607070
-45.24375,-23.737501,27.6,590988634607070
-45.112503,-23.2875,27.618752,590988644607070
-44.456253,-23.1,27.4125,590988654607070
-43.818752,-22.800001,27.6375,590988664607070
-43.0875,-22.800001,27.2625,590988674607070
-42.487503,-22.63125,27.225,590988684607070
-41.60625,-22.59375,26.831251,590988694607070
-40.66875,-22.368752,26.643751,590988704607070
-41.11875,-21.993752,26.75625,590988714607070
-41.41875,-21.7875,27.16875,590988724607070
-41.193752,-21.6375,27.35625,590988734607070
-40.96875,-21.487501,27.206251,590988744607070
-41.4375,-21.1875,26.94375,590988754607070
-41.850002,-21.16875,27.13125,590988764607070
-41.775,-20.79375,27.0375,590988774607070
-41.9625,-20.550001,26.868752,590988784607070
-41.475002,-20.1375,26.1375,590988794607070
-41.11875,-20.04375,25.425001,590988804607070
-42.131252,-19.9125,25.368752,590988814607070
-42.487503,-20.04375,25.1625,590988824607070
-42.206253,-20.15625,25.462502,590988834607070
-41.925003,-20.025002,25.35,590988844607070
-42.018753,-20.2875,25.48125,590988854607070
-41.943752,-20.475,25.556252,590988864607070
-41.68125,-20.6625,25.462502,590988874607070
-41.737503,-20.6625,25.575,590988884607070
-41.04375,-20.625,25.331251,590988894607070
-40.8375,-20.38125,25.650002,590988904607070
-41.23125,-20.493752,25.593752,590988914607070
-42.525,-20.550001,26.493752,590988924607070
-42.787502,-20.41875,26.8875,590988934607070
-42.99375,-20.53125,27.525002,590988944607070
-43.10625,-20.5125,27.91875,590988954607070
-43.18125,-20.493752,27.843752,590988964607070
-42.9375,-20.4375,27.825,590988974607070
-43.10625,-20.587502,27.825,590988984607070
-42.862503,-20.587502,27.937502,590988994607070
-41.79375,-20.56875,27.16875,590989004607070
-41.8875,-20.475,26.868752,590989014607070
-42.225002,-20.625,26.531252,590989024607070
-42.225002,-20.681252,26.6625,590989034607070
-42.037502,-20.775002,26.925001,590989044607070
-42.206253,-21.1875,27.075,590989054607070
-42.2625,-21.2625,27.150002,590989064607070
-42.037502,-21.225,27.000002,590989074607070
-41.7,-21.375,26.962502,590989084607070
-41.25,-21.825,26.7,590989094607070
-40.65,-21.7875,26.400002,590989104607070
-41.25,-21.9375,26.5125,590989114607070
-41.5875,-22.050001,26.7,590989124607070
-41.475002,-22.2,26.6625,590989134607070
-41.325,-22.368752,26.550001,590989144607070
-41.287502,-22.5375,26.75625,590989154607070
-41.831253,-22.837502,26.906252,590989164607070
-41.775,-22.931252,27.018751,590989174607070
-41.850002,-23.306252,27.243752,590989184607070
-41.15625,-23.7,26.75625,590989194607070
-40.74375,-23.98125,26.156252,590989204607070
-41.68125,-24.150002,26.343752,590989214607070
-41.737503,-24.375002,26.362501,590989224607070
-41.71875,-24.750002,26.306252,590989234607070
-40.987503,-24.975,26.1,590989244607070
-41.15625,-25.218752,26.118752,590989254607070
-41.4375,-25.143751,25.968752,590989264607070
-41.5125,-25.48125,26.19375,590989274607070
-41.775,-25.931252,26.60625,590989284607070
-41.49375,-26.41875,26.906252,590989294607070
-41.79375,-26.925001,27.300001,590989304607070
-41.8875,-27.187502,27.468752,590989314607070
-42.9,-27.487501,28.1625,590989324607070
-43.3875,-27.91875,28.593752,590989334607070
-43.4625,-28.3875,29.04375,590989344607070
-43.706253,-28.931252,29.681252,590989354607070
-43.5,-29.41875,29.94375,590989364607070
-43.03125,-29.400002,29.718752,590989374607070
-42.3375,-29.19375,29.437502,590989384607070
-42.018753,-29.212502,29.19375,590989394607070
-40.95,-29.250002,28.63125,590989404607070
-40.40625,-29.118752,28.2,590989414607070
-40.162502,-29.400002,27.4125,590989424607070
-39.28125,-29.1,26.587502,590989434607070
-39.037502,-29.062502,26.475,590989444607070
-38.643753,-29.38125,26.081251,590989454607070
-38.625,-29.718752,25.781252,590989464607070
-38.41875,-30.075,25.500002,590989474607070
-38.5125,-30.337502,25.35,590989484607070
-38.193752,-30.956251,24.88125,590989494607070
-37.95,-31.143751,25.0125,590989504607070
-38.850002,-31.556252,25.518751,590989514607070
-39.075,-31.48125,25.2,590989524607070
-39.037502,-31.35,25.368752,590989534607070
-38.775,-31.650002,25.1625,590989544607070
-38.79375,-31.875002,25.2,590989554607070
-38.568752,-31.968752,24.937502,590989564607070
-38.737503,-31.968752,25.181252,590989574607070
-38.568752,-32.23125,25.35,590989584607070
-37.74375,-32.2125,24.581251,590989594607070
-37.55625,-32.456253,24.431252,590989604607070
-38.381252,-32.90625,24.7875,590989614607070
-38.53125,-33.225002,25.2,590989624607070
-38.775,-33.487503,25.312502,590989634607070
-39.131252,-33.862503,25.7625,590989644607070
-39.225002,-33.956253,25.987501,590989654607070
-39.7125,-33.975002,26.1375,590989664607070
-40.237503,-34.21875,26.456251,590989674607070
-40.518753,-34.40625,26.550001,590989684607070
-40.125,-34.3125,26.23125,590989694607070
-40.3125,-34.21875,25.931252,590989704607070
-40.96875,-34.59375,26.531252,590989714607070
-41.15625,-34.443752,26.2875,590989724607070
-41.362503,-34.518753,26.250002,590989734607070
-41.30625,-34.65,26.41875,590989744607070
-40.78125,-34.5,26.681252,590989754607070
-40.331253,-34.5,26.550001,590989764607070
-40.143753,-34.537502,26.550001,590989774607070
-39.787502,-34.537502,26.56875,590989784607070
-39.225002,-34.143753,25.968752,590989794607070
-38.71875,-34.0875,26.025002,590989804607070
-38.4,-33.862503,26.23125,590989814607070
-38.175003,-33.46875,26.04375,590989824607070
-38.643753,-33.506252,25.9125,590989834607070
-38.8875,-33.206253,26.268751,590989844607070
-39.16875,-33.225002,26.437502,590989854607070
-39.16875,-33.09375,26.38125,590989864607070
-39.206253,-32.831253,26.493752,590989874607070
-39.80625,-32.60625,26.5125,590989884607070
-39.768753,-32.362503,26.362501,590989894607070
-39.80625,-32.2125,26.325,590989904607070
-39.956253,-31.81875,26.531252,590989914607070
-40.21875,-31.612501,26.38125,590989924607070
-40.36875,-31.10625,26.268751,590989934607070
-41.04375,-30.6,26.681252,590989944607070
-41.25,-30.2625,26.8875,590989954607070
-41.30625,-30.056252,27.0375,590989964607070
-42.16875,-29.8875,27.337502,590989974607070
-43.40625,-29.7,28.125002,590989984607070
-43.78125,-29.531252,28.29375,590989994607070
-44.006252,-29.306252,28.687502,590990004607070
-44.4375,-28.875002,28.931252,590990014607070
-44.79375,-28.650002,28.893751,590990024607070
-44.943752,-28.087502,29.268751,590990034607070
-44.850002,-27.487501,29.343752,590990044607070
-44.456253,-26.94375,29.212502,590990054607070
-43.65,-26.306252,28.5375,590990064607070
-43.4625,-25.725,28.181252,590990074607070
-43.48125,-25.0125,28.10625,590990084607070
-43.068752,-24.618752,27.581251,590990094607070
-42.9375,-23.90625,27.16875,590990104607070
-43.65,-23.643751,27.187502,590990114607070
-43.875,-22.95,26.831251,590990124607070
-44.8125,-22.575,27.0375,590990134607070
-45.15,-22.06875,27.13125,590990144607070
-45.225002,-21.50625,27.000002,590990154607070
-45.73125,-21.225,26.94375,590990164607070
-46.21875,-20.962502,27.243752,590990174607070
-46.331253,-20.4375,27.431252,590990184607070
-45.975002,-19.743752,27.093752,590990194607070
-46.237503,-19.331251,27.018751,590990204607070
-45.84375,-18.825,26.681252,590990214607070
-45.9375,-18.225,26.625002,590990224607070
-46.5,-17.7,27.0375,590990234607070
-46.425003,-17.0625,27.16875,590990244607070
-46.3875,-16.3125,27.31875,590990254607070
-46.706253,-15.825001,27.656252,590990264607070
-46.912502,-15.4125,27.88125,590990274607070
-46.987503,-15.0375,28.25625,590990284607070
-46.725002,-14.587501,28.425001,590990294607070
-46.443752,-14.19375,28.575,590990304607070
-46.331253,-13.743751,28.406252,590990314607070
-46.4625,-13.35,28.29375,590990324607070
-46.8375,-13.14375,28.1625,590990334607070
-46.800003,-13.012501,27.975,590990344607070
-46.96875,-12.712501,28.050001,590990354607070
-46.96875,-12.4125,28.368752,590990364607070
-47.5125,-12.01875,28.125002,590990374607070
-47.756252,-11.7375,27.956251,590990384607070
-47.568752,-11.38125,27.581251,590990394607070
-47.5875,-11.043751,27.468752,590990404607070
-47.737503,-10.5,27.750002,590990414607070
-47.775,-9.918751,27.618752,590990424607070
-47.79375,-9.618751,27.375002,590990434607070
-48.0,-9.3,27.018751,590990444607070
-47.737503,-8.887501,27.16875,590990454607070
-47.925003,-8.56875,27.243752,590990464607070
-48.300003,-8.26875,27.4125,590990474607070
-48.506252,-7.8750005,27.7875,590990484607070
-48.093754,-7.6125,27.31875,590990494607070
-48.15,-7.6125,27.431252,590990504607070
-48.487503,-7.6125,27.73125,590990514607070
-48.881252,-7.4812503,27.91875,590990524607070
-49.4625,-7.2937503,28.181252,590990534607070
-49.593754,-7.2375,28.275002,590990544607070
-49.593754,-7.3125005,28.9125,590990554607070
-49.575,-7.5000005,28.95,590990564607070
-49.725002,-7.65,29.175001,590990574607070
-49.66875,-7.5750003,29.19375,590990584607070
-49.275,-7.4437504,28.9125,590990594607070
-48.73125,-7.425,28.66875,590990604607070
-48.6375,-7.6125,28.7625,590990614607070
-48.693752,-7.5937505,28.968752,590990624607070
-48.768753,-7.5375004,28.85625,590990634607070
-48.6375,-7.3875003,28.81875,590990644607070
-48.525,-7.2375,29.00625,590990654607070
-48.656254,-7.1625004,29.5125,590990664607070
-48.768753,-7.2000003,29.737501,590990674607070
-48.937504,-7.36875,29.906252,590990684607070
-48.581253,-7.3875003,29.79375,590990694607070
-48.24375,-7.4062505,29.94375,590990704607070
-48.24375,-7.5000005,30.056252,590990714607070
-48.24375,-7.7812505,30.018751,590990724607070
-48.15,-7.9500003,30.018751,590990734607070
-48.0,-8.212501,29.79375,590990744607070
-48.05625,-8.400001,30.112501,590990754607070
-47.71875,-8.306251,30.16875,590990764607070
-47.568752,-8.606251,29.98125,590990774607070
-47.775,-9.0,29.868752,590990784607070
-47.53125,-9.262501,29.56875,590990794607070
-47.381252,-9.28125,29.531252,590990804607070
-47.7,-9.28125,29.94375,590990814607070
-48.0,-9.4125,30.056252,590990824607070
-47.831253,-9.337501,29.906252,590990834607070
-47.9625,-9.6,29.718752,590990844607070
-47.850002,-9.46875,30.150002,590990854607070
-47.756252,-9.225,30.112501,590990864607070
-47.71875,-9.39375,30.187502,590990874607070
-47.79375,-9.431251,29.8875,590990884607070
-47.456253,-9.618751,29.400002,590990894607070
-47.081253,-9.806251,28.987501,590990904607070
-47.568752,-10.106251,28.837502,590990914607070
-48.0,-10.40625,29.1,590990924607070
-48.468754,-10.950001,28.7625,590990934607070
-48.768753,-11.475,28.893751,590990944607070
-49.2,-11.512501,28.781252,590990954607070
-49.800003,-12.01875,29.175001,590990964607070
-51.225002,-12.6,29.681252,590990974607070
-52.781254,-13.125001,30.45,590990984607070
-53.343754,-13.5375,30.487501,590990994607070
-53.906254,-13.9125,30.825,590991004607070
-54.881252,-13.968751,31.1625,590991014607070
-55.593754,-14.45625,31.275002,590991024607070
-56.250004,-14.981251,31.575,590991034607070
-56.568752,-15.1125,31.48125,590991044607070
-56.100002,-15.075001,31.25625,590991054607070
-55.500004,-14.94375,31.0125,590991064607070
-55.443752,-15.150001,31.29375,590991074607070
-55.050003,-15.000001,31.125002,590991084607070
-54.2625,-14.962501,31.031252,590991094607070
-53.68125,-14.587501,30.843752,590991104607070
-53.175003,-14.137501,31.10625,590991114607070
-52.875004,-14.231251,31.44375,590991124607070
-52.218754,-14.250001,31.743752,590991134607070
-51.581253,-14.26875,31.743752,590991144607070
-50.625004,-13.89375,31.44375,590991154607070
-50.325,-14.137501,30.862501,590991164607070
-50.250004,-14.175,30.750002,590991174607070
-49.687504,-14.1,30.6375,590991184607070
-49.050003,-14.175,29.925001,590991194607070
-48.206253,-13.875001,29.362501,590991204607070
-48.300003,-13.950001,29.175001,590991214607070
-47.943752,-14.118751,28.7625,590991224607070
-48.206253,-14.400001,28.837502,590991234607070
-47.98125,-14.250001,29.118752,590991244607070
-47.943752,-14.6625,29.212502,590991254607070
-47.90625,-15.056251,29.081251,590991264607070
-48.281254,-15.281251,28.9125,590991274607070
-48.6375,-15.450001,28.931252,590991284607070
-48.281254,-15.243751,28.29375,590991294607070
-48.562504,-15.150001,28.125002,590991304607070
-48.73125,-14.887501,28.06875,590991314607070
-48.937504,-15.000001,28.06875,590991324607070
-48.787502,-14.775001,27.91875,590991334607070
-48.956253,-14.75625,27.91875,590991344607070
-48.73125,-14.681251,28.368752,590991354607070
-48.843754,-14.7375,28.593752,590991364607070
-49.143753,-14.94375,28.81875,590991374607070
-49.29375,-15.225,29.306252,590991384607070
-48.73125,-15.337501,28.95,590991394607070
-48.656254,-15.187501,29.00625,590991404607070
-48.9,-15.262501,29.081251,590991414607070
-49.2,-15.356251,29.268751,590991424607070
-49.443752,-15.6,29.38125,590991434607070
-49.350002,-15.618751,29.437502,590991444607070
-48.937504,-15.7875,29.587502,590991454607070
-49.125004,-15.50625,29.79375,590991464607070
-49.218754,-15.4875,30.056252,590991474607070
-49.2,-15.58125,30.2625,590991484607070
-48.787502,-15.525001,30.187502,590991494607070
-48.468754,-15.31875,30.35625,590991504607070
-48.281254,-15.225,30.16875,590991514607070
-48.2625,-15.20625,30.056252,590991524607070
-48.675003,-15.20625,30.187502,590991534607070
-48.2625,-15.50625,29.94375,590991544607070
-48.506252,-15.750001,30.4125,590991554607070
-48.393753,-15.937501,30.525002,590991564607070
-48.506252,-16.087502,30.73125,590991574607070
-48.881252,-16.237501,30.6,590991584607070
-48.750004,-16.5,30.73125,590991594607070
-48.581253,-16.5,30.750002,590991604607070
-49.031254,-16.6875,31.10625,590991614607070
-49.162502,-16.7625,31.06875,590991624607070
-49.162502,-16.9125,30.712502,590991634607070
-49.593754,-17.19375,30.375002,590991644607070
-49.66875,-17.306252,30.206251,590991654607070
-49.312504,-17.550001,30.018751,590991664607070
-49.85625,-17.85,29.812502,590991674607070
-50.081253,-18.243752,29.681252,590991684607070
-49.406254,-18.31875,29.00625,590991694607070
-49.537502,-18.487501,28.81875,590991704607070
-49.968754,-18.675001,28.800001,590991714607070
-49.93125,-18.768751,28.556252,590991724607070
-50.1375,-19.050001,28.44375,590991734607070
-50.381252,-19.5,28.312502,590991744607070
-50.04375,-19.725,28.087502,590991754607070
-50.175003,-20.212502,27.91875,590991764607070
-50.325,-20.643751,27.937502,590991774607070
-50.1375,-20.94375,27.900002,590991784607070
-49.631252,-21.243752,27.206251,590991794607070
-49.55625,-21.6375,27.393751,590991804607070
-49.706253,-22.143751,27.0375,590991814607070
-49.706253,-22.6875,26.906252,590991824607070
-49.912502,-22.987501,27.056252,590991834607070
-49.968754,-23.5125,27.300001,590991844607070
-49.818752,-24.13125,26.962502,590991854607070
-49.968754,-24.6375,26.812502,590991864607070
-49.8375,-25.29375,26.8875,590991874607070
-49.593754,-25.81875,26.6625,590991884607070
-49.143753,-26.175001,26.493752,590991894607070
-48.99375,-26.156252,26.550001,590991904607070
-48.675003,-26.5125,26.23125,590991914607070
-48.506252,-26.7,25.987501,590991924607070
-48.468754,-26.94375,26.343752,590991934607070
-48.24375,-27.300001,26.325,590991944607070
-48.600002,-27.487501,26.531252,590991954607070
-49.0125,-27.656252,26.625002,590991964607070
-49.518753,-27.862501,27.393751,590991974607070
-50.100002,-28.237501,27.975,590991984607070
-50.081253,-28.500002,28.425001,590991994607070
-49.93125,-28.66875,28.575,590992004607070
-50.268753,-28.5375,29.062502,590992014607070
-50.60625,-28.5375,29.343752,590992024607070
-50.006252,-28.48125,29.587502,590992034607070
-49.912502,-28.575,29.812502,590992044607070
-49.18125,-28.500002,29.737501,590992054607070
-48.600002,-28.331251,29.212502,590992064607070
-48.43125,-28.0125,28.875002,590992074607070
-48.15,-27.45,28.650002,590992084607070
-47.60625,-27.112501,28.1625,590992094607070
-47.025,-26.41875,28.050001,590992104607070
-47.53125,-25.931252,27.937502,590992114607070
-47.456253,-25.1625,27.656252,590992124607070
-47.943752,-24.525002,27.337502,590992134607070
-48.093754,-23.79375,27.225,590992144607070
-48.43125,-23.23125,27.35625,590992154607070
-49.050003,-23.025002,27.206251,590992164607070
-50.025,-22.66875,27.187502,590992174607070
-51.018753,-22.3875,26.925001,590992184607070
-50.925003,-21.768751,26.306252,590992194607070
-50.906254,-21.1875,26.081251,590992204607070
-51.54375,-20.8875,26.1375,590992214607070
-51.975002,-20.625,25.875002,590992224607070
-52.593754,-20.2875,25.706251,590992234607070
-52.800003,-19.706251,25.331251,590992244607070
-52.3875,-19.03125,24.618752,590992254607070
-52.218754,-18.5625,24.281252,590992264607070
-52.518753,-18.150002,23.962502,590992274607070
-52.875004,-17.737501,23.56875,590992284607070
-52.312504,-17.025002,22.800001,590992294607070
-52.10625,-16.518751,22.425001,590992304607070
-52.218754,-16.050001,21.9375,590992314607070
-52.518753,-15.675,21.88125,590992324607070
-52.875004,-15.450001,21.862501,590992334607070
-53.1375,-14.981251,21.862501,590992344607070
-53.062504,-14.56875,21.975,590992354607070
-53.4,-14.400001,22.2,590992364607070
-53.625004,-14.062501,22.237501,590992374607070
-53.925003,-13.575001,22.125,590992384607070
-53.662502,-12.825001,22.29375,590992394607070
-53.531254,-12.093751,22.48125,590992404607070
-53.550003,-11.306251,22.893751,590992414607070
-53.531254,-11.118751,22.725,590992424607070
-54.15,-10.762501,23.23125,590992434607070
-53.943752,-10.3125,23.19375,590992444607070
-53.98125,-9.900001,23.175001,590992454607070
-53.831253,-9.712501,23.53125,590992464607070
-53.925003,-9.58125,23.550001,590992474607070
-53.7,-9.356251,23.493752,590992484607070
-53.568752,-9.4125,23.081251,590992494607070
-53.2125,-8.925,23.212502,590992504607070
-53.250004,-8.71875,23.0625,590992514607070
-53.006252,-8.34375,23.081251,590992524607070
-53.156254,-8.15625,23.212502,590992534607070
-53.437504,-7.8375,23.19375,590992544607070
-53.718754,-7.8562503,23.56875,590992554607070
-54.131252,-7.9500003,24.018751,590992564607070
-54.7125,-7.7625003,24.487501,590992574607070
-55.406254,-7.65,24.900002,590992584607070
-54.843754,-7.3125005,24.69375,590992594607070
-55.0125,-7.0312505,24.993752,590992604607070
-54.956253,-6.9,25.556252,590992614607070
-54.91875,-7.0125003,25.987501,590992624607070
-55.48125,-7.14375,26.23125,590992634607070
-55.725002,-6.99375,26.75625,590992644607070
-55.66875,-7.05,27.281252,590992654607070
-55.443752,-7.3125005,27.750002,590992664607070
-55.987503,-7.5937505,28.706251,590992674607070
-56.60625,-7.9125004,29.456251,590992684607070
-56.643753,-7.9875,29.6625,590992694607070
-56.943752,-7.9125004,29.925001,590992704607070
-56.79375,-7.7625003,30.281252,590992714607070
-57.075,-7.9875,30.525002,590992724607070
-56.775,-7.7250004,30.525002,590992734607070
-56.775,-7.6312504,30.6375,590992744607070
-56.437504,-7.8,30.843752,590992754607070
-55.65,-7.7812505,30.69375,590992764607070
-54.956253,-7.8187504,30.525002,590992774607070
-54.018753,-7.74375,30.300001,590992784607070
-52.65,-7.5937505,29.812502,590992794607070
-51.61875,-7.14375,29.475,590992804607070
-51.05625,-7.425,29.2875,590992814607070
-50.625004,-7.6875005,29.1375,590992824607070
-50.100002,-7.7625003,28.44375,590992834607070
-50.11875,-8.19375,28.143751,590992844607070
-50.456253,-8.606251,28.218752,590992854607070
-50.568752,-9.168751,28.29375,590992864607070
-51.018753,-9.4875,28.650002,590992874607070
-51.093754,-10.012501,28.48125,590992884607070
-51.206253,-10.35,28.275002,590992894607070
-51.05625,-10.40625,27.7875,590992904607070
-51.412502,-10.59375,28.1625,590992914607070
-51.281254,-10.725,27.975,590992924607070
-51.35625,-10.9875,27.975,590992934607070
-52.143753,-11.0625,27.88125,590992944607070
-52.706253,-11.83125,27.843752,590992954607070
-53.531254,-12.731251,27.993752,590992964607070
-54.225002,-13.05,28.087502,590992974607070
-54.581253,-13.575001,28.087502,590992984607070
-54.562504,-13.9125,27.562502,590992994607070
-54.506252,-14.512501,27.4125,590993004607070
-55.0125,-15.01875,27.618752,590993014607070
-54.600002,-15.4875,27.712502,590993024607070
-54.018753,-15.3,27.093752,590993034607070
-53.268753,-15.01875,26.6625,590993044607070
-52.518753,-15.187501,26.493752,590993054607070
-52.256252,-15.13125,26.41875,590993064607070
-51.862503,-15.150001,26.325,590993074607070
-51.99375,-14.906251,26.343752,590993084607070
-50.831253,-14.64375,25.63125,590993094607070
-50.268753,-14.306251,25.35,590993104607070
-50.287502,-14.625001,25.743752,590993114607070
-50.287502,-14.812501,25.9125,590993124607070
-50.325,-14.925,25.800001,590993134607070
-50.081253,-15.13125,25.875002,590993144607070
-50.23125,-15.4125,25.893751,590993154607070
-50.04375,-15.525001,25.968752,590993164607204
-50.49375,-15.618751,26.19375,590993174607204
-50.5875,-15.918751,25.987501,590993184607204
-50.30625,-15.900001,25.81875,590993194607204
-50.1375,-15.8625,25.63125,590993204607204
-50.325,-15.88125,25.687502,590993214607204
-50.550003,-16.10625,26.00625,590993224607204
-50.456253,-16.050001,26.062502,590993234607204
-50.23125,-16.237501,25.968752,590993244607204
-49.74375,-16.21875,25.893751,590993254607204
-49.781254,-16.575,26.1375,590993264607204
-49.800003,-16.575,26.19375,590993274607204
-49.85625,-16.743752,26.23125,590993284607204
-49.48125,-16.893751,26.38125,590993294607204
-49.18125,-16.837502,26.306252,590993304607204
-49.4625,-16.95,26.775002,590993314607204
-49.781254,-16.9125,27.562502,590993324607204
-50.381252,-17.400002,28.181252,590993334607204
-50.41875,-17.212502,28.743752,590993344607204
-50.11875,-17.19375,29.250002,590993354607204
-49.350002,-17.1375,29.7,590993364607204
-48.99375,-17.00625,30.018751,590993374607204
-48.7125,-16.800001,30.45,590993384607204
-48.0,-16.7625,30.6375,590993394607204
-47.362503,-16.66875,30.712502,590993404607204
-47.081253,-16.40625,31.275002,590993414607204
-46.8375,-16.21875,31.687502,590993424607204
-47.11875,-16.331251,31.875002,590993434607204
-47.49375,-16.59375,32.081253,590993444607204
-47.79375,-16.78125,32.568752,590993454607204
-47.568752,-16.81875,32.775,590993464607204
-47.7,-16.893751,33.1875,590993474607204
-47.8125,-17.1,33.1875,590993484607204
-47.268753,-17.306252,32.86875,590993494607204
-46.912502,-17.5125,32.737503,590993504607204
-46.631252,-17.71875,32.925003,590993514607204
-46.5,-17.775002,33.05625,590993524607204
-46.050003,-17.681252,32.8875,590993534607204
-46.55625,-18.075,33.131252,590993544607204
-46.48125,-18.1875,33.2625,590993554607204
-46.575,-18.487501,33.825,590993564607204
-46.443752,-18.46875,34.10625,590993574607204
-46.4625,-18.581251,33.956253,590993584607204
-45.9,-18.4125,33.768753,590993594607204
-45.506252,-18.16875,33.768753,590993604607204
-45.45,-18.46875,33.675003,590993614607204
-44.9625,-18.31875,33.487503,590993624607204
-45.018753,-18.50625,33.46875,590993634607204
-44.831253,-18.28125,33.3375,590993644607204
-45.487503,-18.393751,33.581253,590993654607204
-45.16875,-18.6,33.75,590993664607204
-45.16875,-18.6,33.787502,590993674607204
-45.46875,-18.993752,34.29375,590993684607204
-45.375,-18.88125,34.5,590993694607204
-45.693752,-19.143751,34.7625,590993704607204
-45.318752,-18.993752,34.48125,590993714607204
-44.925003,-18.88125,34.125,590993724607204
-44.1375,-19.087502,34.0125,590993734607204
-44.2125,-19.21875,34.275,590993744607204
-44.475002,-19.368752,34.425003,590993754607204
-44.475002,-19.21875,34.125,590993764607204
-45.1875,-19.143751,33.956253,590993774607204
-45.112503,-18.88125,33.65625,590993784607204
-45.1875,-18.862501,33.600002,590993794607204
-45.412502,-18.88125,33.61875,590993804607204
-45.956253,-18.393751,33.43125,590993814607204
-46.21875,-18.0,33.54375,590993824607204
-46.40625,-17.71875,33.693752,590993834607204
-46.425003,-17.643751,33.80625,590993844607204
-45.862503,-17.53125,33.7125,590993854607204
-45.506252,-17.456251,33.675003,590993864607204
-45.73125,-17.4375,33.825,590993874607204
-46.29375,-17.5125,33.9375,590993884607204
-46.3875,-17.5125,33.956253,590993894607204
-46.612503,-17.41875,33.506252,590993904607204
-46.93125,-17.400002,33.45,590993914607204
-46.987503,-17.23125,33.24375,590993924607204
-47.30625,-17.04375,33.525,590993934607204
-48.281254,-16.85625,34.068752,590993944607204
-48.862503,-16.518751,34.237503,590993954607204
-49.443752,-16.40625,34.800003,590993964607204
-49.237503,-16.3125,34.6875,590993974607204
-49.36875,-16.3125,34.875,590993984607204
-49.125004,-16.25625,35.025,590993994607204
-49.4625,-16.06875,35.025,590994004607204
-49.781254,-16.181252,35.362503,590994014607204
-49.218754,-16.48125,35.2125,590994024607204
-48.468754,-16.40625,35.0625,590994034607204
-47.15625,-16.1625,34.4625,590994044607204
-46.96875,-16.10625,34.537502,590994054607204
-46.40625,-15.7875,34.575,590994064607204
-45.9,-15.525001,34.068752,590994074607204
-45.28125,-15.337501,33.975002,590994084607204
-44.71875,-15.075001,33.506252,590994094607204
-44.943752,-14.475,33.862503,590994104607204
-45.05625,-14.343751,33.99375,590994114607204
-45.43125,-14.343751,34.0125,590994124607204
-45.91875,-14.2875,34.3875,590994134607204
-46.2,-14.306251,34.125,590994144607204
-46.331253,-14.343751,34.425003,590994154607204
-46.725002,-14.325001,34.48125,590994164607204
-46.425003,-14.043751,34.5,590994174607204
-46.0125,-14.08125,33.9375,590994184607204
-46.03125,-14.043751,33.80625,590994194607204
-45.881252,-13.781251,33.6375,590994204607204
-46.03125,-13.556251,33.43125,590994214607204
-45.956253,-13.368751,33.675003,590994224607204
-46.0125,-13.012501,33.693752,590994234607204
-45.412502,-13.05,33.675003,590994244607204
-45.65625,-13.012501,33.9,590994254607204
-45.65625,-12.8625,33.9,590994264607204
-45.768753,-12.675,33.9,590994274607204
-45.80625,-12.4875,34.068752,590994284607204
-45.2625,-12.39375,33.91875,590994294607204
-45.206253,-12.150001,33.73125,590994304607204
-45.6375,-12.13125,33.9375,590994314607204
-46.03125,-11.8125,34.0125,590994324607204
-46.3125,-11.887501,33.825,590994334607204
-46.350002,-11.681251,33.787502,590994344607204
-46.0875,-11.512501,33.7125,590994354607204
-46.143753,-11.400001,33.862503,590994364607204
-46.3125,-11.118751,33.99375,590994374607204
-46.275,-10.875,33.956253,590994384607204
-45.525,-10.59375,33.43125,590994394607204
-45.3375,-10.25625,33.487503,590994404607204
-45.393753,-10.06875,33.525,590994414607204
-45.600002,-10.21875,34.0125,590994424607204
-45.9,-10.125,34.125,590994434607204
-46.21875,-9.95625,34.050003,590994444607204
-46.162502,-9.69375,33.975002,590994454607204
-46.425003,-9.88125,34.443752,590994464607204
-47.1375,-9.975,34.95,590994474607204
-47.362503,-9.7875,35.1375,590994484607204
-47.081253,-9.375,35.15625,590994494607204
-47.2125,-8.868751,35.0625,590994504607204
-47.5875,-8.925,35.456253,590994514607204
-48.0,-9.01875,35.90625,590994524607204
-48.112503,-8.83125,36.037502,590994534607204
-47.737503,-8.34375,36.037502,590994544607204
-47.71875,-8.1,36.0,590994554607204
-47.49375,-7.9875,35.850002,590994564607204
-47.60625,-8.1,35.943752,590994574607204
-47.193752,-8.0625,35.86875,590994584607204
-46.631252,-7.6687503,35.49375,590994594607204
-46.331253,-7.36875,35.456253,590994604607204
-46.068752,-7.33125,35.15625,590994614607204
-46.237503,-7.33125,35.025,590994624607204
-45.80625,-7.14375,34.96875,590994634607204
-46.425003,-7.1625004,35.15625,590994644607204
-46.55625,-7.2375,35.4375,590994654607204
-46.93125,-7.18125,35.49375,590994664607204
-47.90625,-7.18125,36.075,590994674607204
-48.037502,-6.99375,35.925003,590994684607204
-48.975002,-7.1250005,36.487503,590994694607204
-49.65,-7.0875,36.675003,590994704607204
-50.41875,-7.14375,37.275,590994714607204
-50.30625,-6.9750004,37.612503,590994724607204
-50.006252,-6.58125,37.21875,590994734607204
-49.8375,-6.61875,36.99375,590994744607204
-48.412502,-6.4125004,36.65625,590994754607204
-47.7,-6.3375,36.600002,590994764607204
-46.8375,-6.1687503,36.412502,590994774607204
-46.125,-6.0750003,36.24375,590994784607204
-45.300003,-5.8500004,35.60625,590994794607204
-44.86875,-5.68125,35.100002,590994804607204
-45.09375,-5.775,35.4375,590994814607204
-45.2625,-5.6062503,35.68125,590994824607204
-46.3125,-5.7937503,35.86875,590994834607204
-46.40625,-5.6625004,35.86875,590994844607204
-46.3125,-5.30625,36.075,590994854607204
-46.40625,-5.2875004,36.300003,590994864607204
-46.48125,-5.1937504,36.300003,590994874607204
-46.36875,-5.26875,36.28125,590994884607204
-46.125,-5.11875,36.05625,590994894607204
-46.068752,-4.8562503,35.9625,590994904607204
-45.862503,-4.8562503,35.831253,590994914607204
-46.443752,-5.175,35.737503,590994924607204
-47.025,-5.5687504,35.381252,590994934607204
-47.943752,-6.1687503,35.287502,590994944607204
-49.0875,-6.95625,35.831253,590994954607204
-49.893753,-7.36875,36.112503,590994964607204
-50.718754,-7.9500003,36.300003,590994974607204
-51.187504,-8.418751,36.318752,590994984607204
-51.187504,-8.75625,35.925003,590994994607204
-51.412502,-9.01875,36.3375,590995004607204
-51.45,-9.46875,36.3375,590995014607204
-51.35625,-9.58125,36.075,590995024607204
-51.093754,-9.75,35.737503,590995034607204
-51.093754,-10.1625,35.8125,590995044607204
-51.61875,-10.575001,36.1875,590995054607204
-53.04375,-10.725,36.412502,590995064607204
-54.187504,-10.668751,36.675003,590995074607204
-55.068752,-10.837501,36.037502,590995084607204
-56.193752,-10.856251,35.831253,590995094607204
-57.075,-10.9125,36.112503,590995104607204
-57.99375,-10.762501,36.3375,590995114607204
-58.500004,-10.63125,36.0,590995124607204
-58.3875,-10.293751,35.1375,590995134607204
-57.037502,-10.200001,34.537502,590995144607204
-56.831253,-10.368751,34.143753,590995154607204
-56.943752,-10.51875,34.537502,590995164607204
-57.093754,-10.44375,34.55625,590995174607204
-56.23125,-10.03125,33.862503,590995184607204
-55.800003,-10.200001,33.0,590995194607204
-55.725002,-10.106251,32.86875,590995204607204
-56.175003,-10.2375,33.05625,590995214607204
-56.662502,-10.762501,33.393753,590995224607204
-56.381252,-10.837501,33.487503,590995234607204
-55.7625,-10.78125,32.925003,590995244607204
-54.99375,-11.118751,33.131252,590995254607204
-55.275,-11.45625,33.600002,590995264607204
-55.143753,-11.306251,34.03125,590995274607204
-54.825,-11.493751,33.61875,590995284607204
-53.812504,-11.2875,33.112503,590995294607204
-52.912502,-10.743751,32.381252,590995304607204
-52.500004,-10.51875,31.931252,590995314607204
-52.256252,-10.650001,31.85625,590995324607204
-51.61875,-10.462501,31.1625,590995334607204
-51.281254,-10.556251,30.4125,590995344607204
-50.7,-10.59375,29.831251,590995354607204
-50.79375,-10.78125,29.85,590995364607204
-50.737503,-11.025001,29.868752,590995374607204
-50.68125,-11.418751,29.60625,590995384607204
-50.456253,-11.625,29.41875,590995394607204
-50.5875,-11.587501,29.475,590995404607204
-50.943752,-11.75625,29.175001,590995414607204
-51.093754,-12.0,29.156252,590995424607204
-51.281254,-12.075001,28.66875,590995434607204
-51.075,-12.225,27.956251,590995444607204
-50.7,-12.3,27.468752,590995454607204
-50.9625,-12.543751,27.243752,590995464607204
-51.206253,-12.7875,27.16875,590995474607204
-50.756252,-12.993751,26.41875,590995484607204
-50.60625,-13.06875,26.175001,590995494607204
-50.756252,-13.087501,26.175001,590995504607204
-50.812504,-13.462501,26.1375,590995514607204
-51.018753,-13.63125,26.362501,590995524607204
-51.956253,-13.856251,26.5125,590995534607204
-52.162502,-14.043751,26.7,590995544607204
-52.3875,-14.38125,26.60625,590995554607204
-52.65,-14.475,26.587502,590995564607204
-52.725002,-14.606251,26.343752,590995574607204
-52.256252,-14.55,26.118752,590995584607204
-51.975002,-14.475,26.212502,590995594607204
-51.6375,-14.2875,25.837502,590995604607204
-51.61875,-14.250001,26.062502,590995614607204
-51.506252,-14.156251,25.875002,590995624607204
-51.525,-14.025001,25.81875,590995634607204
-51.45,-14.00625,25.931252,590995644607204
-51.393753,-14.043751,26.343752,590995654607204
-51.600002,-14.118751,26.19375,590995664607204
-51.862503,-14.062501,26.081251,590995674607204
-51.956253,-14.08125,26.400002,590995684607204
-51.506252,-14.19375,26.062502,590995694607204
-51.15,-14.175,26.04375,590995704607204
-51.000004,-13.875001,26.456251,590995714607204
-51.24375,-13.81875,26.85,590995724607204
-51.61875,-13.856251,27.056252,590995734607204
-51.975002,-14.00625,27.487501,590995744607204
-51.656254,-13.856251,27.91875,590995754607204
-51.956253,-13.762501,28.275002,590995764607204
-51.9,-13.462501,28.706251,590995774607204
-51.862503,-13.33125,29.062502,590995784607204
-51.581253,-13.368751,28.987501,590995794607204
-51.225002,-13.1625,29.343752,590995804607204
-50.775,-12.8625,29.681252,590995814607204
-50.456253,-12.6,30.35625,590995824607204
-50.268753,-12.6,30.375002,590995834607204
-50.11875,-12.525001,31.125002,590995844607204
-50.49375,-12.618751,31.81875,590995854607204
-50.437504,-12.69375,32.325,590995864607204
-50.550003,-12.618751,32.9625,590995874607204
-50.531254,-12.8625,33.2625,590995884607204
-50.325,-12.8625,33.525,590995894607204
-50.437504,-12.8625,33.73125,590995904607204
-50.49375,-12.825001,34.143753,590995914607204
-50.287502,-12.8625,34.0125,590995924607204
-50.04375,-13.06875,33.581253,590995934607204
-50.156254,-13.106251,33.5625,590995944607204
-50.475002,-13.275001,33.768753,590995954607204
-51.131252,-13.200001,33.80625,590995964607204
-52.10625,-13.33125,34.03125,590995974607204
-51.73125,-13.33125,33.825,590995984607204
-51.73125,-13.500001,34.068752,590995994607204
-51.3375,-13.481251,33.956253,590996004607204
-51.318752,-13.33125,34.631252,590996014607204
-51.525,-13.481251,34.987503,590996024607204
-51.16875,-13.556251,34.7625,590996034607204
-50.568752,-13.875001,35.081253,590996044607204
-49.65,-14.08125,35.2125,590996054607204
-49.8375,-14.418751,35.41875,590996064607204
-50.362503,-14.606251,35.568752,590996074607204
-50.23125,-14.775001,35.550003,590996084607204
-49.65,-14.75625,35.30625,590996094607204
-49.143753,-14.7375,35.175003,590996104607204
-49.068752,-14.925,35.41875,590996114607204
-49.031254,-14.85,35.4,590996124607204
-48.7125,-14.718751,35.23125,590996134607204
-48.037502,-14.6625,35.15625,590996144607204
-47.100002,-14.64375,34.93125,590996154607204
-47.025,-14.681251,34.8375,590996164607204
-47.5875,-15.0375,34.59375,590996174607204
-47.86875,-15.0375,34.5,590996184607204
-47.475002,-14.700001,34.350002,590996194607204
-47.1375,-14.3625,33.956253,590996204607204
-47.5125,-14.400001,33.975002,590996214607204
-47.8125,-14.231251,33.9375,590996224607204
-47.86875,-14.1,34.237503,590996234607204
-48.093754,-13.931251,34.537502,590996244607204
-47.60625,-13.70625,34.85625,590996254607204
-47.4,-13.6125,34.818752,590996264607204
-47.381252,-13.6125,34.74375,590996274607204
-46.93125,-13.650001,34.706253,590996284607204
-46.518753,-13.500001,34.66875,590996294607204
-46.55625,-13.44375,35.04375,590996304607204
-46.55625,-13.087501,34.875,590996314607204
-46.55625,-12.993751,35.006252,590996324607204
-46.59375,-12.825001,35.04375,590996334607204
-46.518753,-12.95625,35.362503,590996344607204
-47.30625,-13.06875,35.850002,590996354607204
-47.68125,-13.125001,36.131252,590996364607204
-48.16875,-13.106251,36.506252,590996374607204
-47.9625,-13.087501,36.24375,590996384607204
-47.850002,-13.06875,36.300003,590996394607204
-48.375004,-13.125001,36.61875,590996404607204
-48.525,-13.218751,36.65625,590996414607204
-48.693752,-13.06875,36.6375,590996424607204
-47.737503,-12.918751,36.2625,590996434607204
-47.568752,-12.918751,36.1875,590996444607204
-46.78125,-12.76875,35.775,590996454607204
-46.36875,-12.69375,35.79375,590996464607204
-46.331253,-12.712501,35.60625,590996474607204
-45.525,-12.562501,35.193752,590996484607204
-45.318752,-12.39375,34.987503,590996494607204
-44.8125,-12.150001,34.6875,590996504607204
-45.35625,-12.20625,34.575,590996514607204
-45.45,-11.8125,34.575,590996524607204
-46.425003,-11.90625,35.006252,590996534607204
-47.325,-11.981251,35.30625,590996544607204
-47.381252,-12.150001,35.550003,590996554607204
-47.831253,-12.243751,35.737503,590996564607204
-48.05625,-12.01875,36.018753,590996574607204
-48.525,-12.0,36.3375,590996584607204
-48.187504,-11.56875,36.45,590996594607204
-48.24375,-11.53125,36.600002,590996604607204
-47.625,-11.025001,36.15,590996614607204
-47.193752,-10.668751,35.86875,590996624607204
-47.4,-10.3125,35.662502,590996634607204
-47.625,-9.975,35.71875,590996644607204
-47.362503,-9.993751,35.475002,590996654607204
-47.325,-9.69375,35.381252,590996664607204
-47.643753,-9.5625,35.475002,590996674607204
-47.456253,-9.356251,35.23125,590996684607204
-47.25,-9.20625,35.23125,590996694607204
-47.325,-9.13125,35.7,590996704607204
-47.23125,-8.775001,35.831253,590996714607204
-46.96875,-8.56875,35.925003,590996724607204
-46.875,-8.15625,36.037502,590996734607204
-46.78125,-8.231251,36.318752,590996744607204
-46.256252,-7.9687505,36.54375,590996754607204
-46.29375,-7.7250004,36.675003,590996764607204
-46.59375,-7.425,37.10625,590996774607204
-46.068752,-7.0125003,36.525,590996784607204
-45.881252,-6.7500005,36.43125,590996794607204
-46.050003,-6.4687505,36.6375,590996804607204
-46.125,-6.20625,36.84375,590996814607204
-46.3125,-5.68125,36.84375,590996824607204
-46.6875,-5.4187503,36.862503,590996834607204
-47.04375,-5.55,37.050003,590996844607204
-47.081253,-5.7375,37.03125,590996854607204
-47.550003,-5.8500004,37.237503,590996864607204
-47.831253,-5.7562504,37.443752,590996874607204
-47.49375,-5.68125,37.162502,590996884607204
-47.49375,-5.5875,36.9,590996894607204
-47.15625,-5.5875,36.54375,590996904607204
-47.53125,-5.7937503,36.600002,590996914607204
-47.643753,-5.45625,36.28125,590996924607204
-47.756252,-5.2312503,36.28125,590996934607204
-47.86875,-5.0437503,36.318752,590996944607204
-48.16875,-5.0062504,36.318752,590996954607204
-48.937504,-5.1375003,36.24375,590996964607204
-50.11875,-5.26875,36.5625,590996974607204
-50.925003,-5.11875,36.7125,590996984607204
-51.037502,-4.9875,36.525,590996994607204
-50.9625,-4.78125,36.581253,590997004607204
-50.906254,-4.4812503,36.300003,590997014607204
-51.281254,-4.18125,36.131252,590997024607204
-51.206253,-3.9562502,35.662502,590997034607204
-50.5875,-3.5625002,35.4,590997044607204
-49.575,-3.24375,34.893753,590997054607204
-49.256252,-2.9250002,34.518753,590997064607204
-48.956253,-2.5875,34.050003,590997074607204
-48.768753,-2.4562502,33.581253,590997084607204
-48.768753,-2.3625002,33.206253,590997094607204
-48.54375,-2.1000001,33.075,590997104607204
-48.61875,-1.9312501,33.131252,590997114607204
-48.862503,-1.7437501,33.300003,590997124607204
-49.256252,-1.3687501,33.131252,590997134607204
-49.0125,-1.35,33.206253,590997144607204
-49.2,-1.25625,33.525,590997154607204
-49.406254,-1.2750001,33.73125,590997164607204
-49.425003,-1.2,33.825,590997174607204
-49.068752,-1.03125,33.525,590997184607204
-48.937504,-1.0125,33.28125,590997194607204
-49.237503,-0.82500005,33.28125,590997204607204
-49.068752,-0.99375004,33.2625,590997214607204
-49.29375,-0.8625,33.16875,590997224607204
-49.068752,-0.82500005,32.756252,590997234607204
-48.675003,-0.58125,32.5125,590997244607204
-48.80625,-0.39375,32.475002,590997254607204
-49.2,-0.65625,32.5875,590997264607204
-49.275,-0.5625,32.68125,590997274607204
-48.7125,-0.69375,32.287502,590997284607204
-48.487503,-0.69375,32.1375,590997294607204
-48.187504,-0.75,31.893751,590997304607204
-48.468754,-0.69375,32.04375,590997314607204
-49.125004,-0.93750006,32.23125,590997324607204
-49.29375,-1.10625,32.4,590997334607204
-49.687504,-1.0875001,32.625,590997344607204
-50.04375,-1.2375001,32.850002,590997354607204
-50.362503,-1.4625001,33.1875,590997364607204
-50.60625,-1.40625,33.28125,590997374607204
-50.79375,-1.3312501,33.581253,590997384607204
-50.325,-1.2750001,33.375,590997394607204
-50.062504,-1.21875,33.16875,590997404607204
-50.006252,-1.3687501,32.8125,590997414607204
-49.537502,-1.4625001,32.53125,590997424607204
-49.050003,-1.44375,32.268753,590997434607204
-49.0125,-1.5,31.743752,590997444607204
-49.275,-1.7437501,31.743752,590997454607204
-49.575,-2.1937501,31.63125,590997464607204
-49.912502,-2.4,31.575,590997474607204
-50.23125,-2.5875,31.650002,590997484607204
-50.850002,-2.775,32.193752,590997494607204
-51.843754,-3.075,32.60625,590997504607204
-53.025,-3.6000001,32.775,590997514607204
-54.225002,-3.99375,33.318752,590997524607204
-55.125004,-4.4625,33.506252,590997534607204
-55.8375,-4.6312504,33.45,590997544607204
-56.362503,-5.0062504,33.862503,590997554607204
-56.906254,-5.4,34.0875,590997564607204
-57.393753,-5.83125,34.162502,590997574607204
-57.43125,-6.05625,33.825,590997584607204
-57.24375,-6.1875005,33.787502,590997594607204
-57.375004,-6.1312504,33.84375,590997604607204
-57.393753,-6.1875005,33.975002,590997614607204
-57.862503,-6.5062504,34.4625,590997624607204
-58.143753,-6.8437505,34.443752,590997634607204
-58.162502,-6.9750004,34.5,590997644607204
-57.881252,-6.8625,34.18125,590997654607204
-57.91875,-7.18125,34.29375,590997664607204
-58.125004,-7.33125,34.425003,590997674607204
-57.562504,-7.5000005,34.0125,590997684607204
-57.037502,-7.4437504,33.75,590997694607204
-56.550003,-7.3875003,33.65625,590997704607204
-56.175003,-7.425,33.45,590997714607204
-56.006252,-7.8562503,33.35625,590997724607204
-55.10625,-8.118751,32.943752,590997734607204
-54.16875,-8.043751,32.53125,590997744607204
-53.287502,-8.0625,32.193752,590997754607204
-52.631252,-8.306251,32.325,590997764607204
-52.29375,-8.475,32.25,590997774607204
-51.750004,-8.681251,31.781252,590997784607204
-51.35625,-8.887501,31.518751,590997794607204
-50.79375,-8.700001,31.275002,590997804607204
-51.187504,-8.925,31.48125,590997814607204
-51.112503,-9.09375,31.725,590997824607204
-51.075,-9.450001,32.025,590997834607204
-51.037502,-9.525001,32.081253,590997844607204
-51.000004,-9.95625,32.362503,590997854607204
-51.281254,-10.25625,32.5125,590997864607204
-51.16875,-10.5,32.756252,590997874607204
-51.05625,-10.5,32.90625,590997884607204
-50.568752,-10.35,33.131252,590997894607204
-50.812504,-10.40625,33.412502,590997904607204
-50.643753,-10.40625,33.46875,590997914607204
-50.943752,-10.575001,33.54375,590997924607204
-51.187504,-10.63125,33.675003,590997934607204
-51.506252,-10.6875,34.0125,590997944607204
-52.10625,-10.762501,34.612503,590997954607204
-52.800003,-11.3625,35.100002,590997964607204
-53.23125,-11.681251,35.49375,590997974607204
-53.156254,-11.85,35.5125,590997984607204
-53.49375,-12.0375,35.381252,590997994607204
-53.7,-12.375001,35.7,590998004607204
-53.7,-12.6,35.7,590998014607204
-52.93125,-12.562501,36.112503,590998024607204
-52.256252,-12.675,35.943752,590998034607204
-51.318752,-12.7875,35.850002,590998044607204
-50.718754,-13.012501,35.775,590998054607204
-50.156254,-13.181251,35.643753,590998064607204
-49.74375,-13.06875,35.943752,590998074607204
-48.862503,-12.8625,35.643753,590998084607204
-48.206253,-12.825001,35.775,590998094607204
-48.43125,-12.76875,35.8875,590998104607204
-48.600002,-12.4875,35.9625,590998114607204
-48.656254,-12.13125,36.16875,590998124607204
-48.7125,-12.0375,36.5625,590998134607204
-48.675003,-11.962501,36.825,590998144607204
-48.80625,-12.0375,37.18125,590998154607204
-48.768753,-11.94375,37.3875,590998164607204
-48.80625,-11.7375,37.800003,590998174607204
-48.112503,-11.587501,37.575,590998184607204
-47.625,-11.56875,37.78125,590998194607204
-47.662502,-11.53125,38.006252,590998204607204
-47.756252,-11.400001,38.04375,590998214607204
-48.2625,-11.418751,38.30625,590998224607204
-48.018753,-11.306251,38.30625,590998234607204
-48.0,-11.38125,38.943752,590998244607204
-47.7,-11.38125,38.943752,590998254607204
-47.86875,-11.4375,39.09375,590998264607204
-47.943752,-11.53125,39.09375,590998274607204
-47.643753,-11.493751,38.8875,590998284607204
-47.25,-11.25,38.850002,590998294607204
-46.78125,-10.81875,38.86875,590998304607204
-46.6875,-10.743751,38.943752,590998314607204
-46.818752,-10.78125,38.71875,590998324607204
-46.800003,-10.81875,38.756252,590998334607204
-46.55625,-10.6125,38.737503,590998344607204
-46.518753,-10.5,39.018753,590998354607204
-46.48125,-10.63125,39.24375,590998364607204
-46.706253,-10.856251,39.05625,590998374607204
-46.55625,-11.08125,39.09375,590998384607204
-46.518753,-10.96875,39.206253,590998394607204
-46.612503,-10.556251,39.43125,590998404607204
-46.74375,-10.33125,39.375,590998414607204
-47.25,-10.3125,39.5625,590998424607204
-47.23125,-10.03125,39.693752,590998434607204
-47.1375,-9.618751,39.975002,590998444607204
-47.081253,-9.356251,40.237503,590998454607204
-47.193752,-9.356251,40.350002,590998464607204
-46.875,-9.225,40.443752,590998474607204
-46.78125,-9.28125,40.050003,590998484607204
-46.8375,-9.31875,40.162502,590998494607204
-47.11875,-9.3,40.4625,590998504607204
-47.287502,-9.4125,40.0125,590998514607204
-47.662502,-9.31875,39.80625,590998524607204
-47.831253,-9.168751,39.84375,590998534607204
-48.037502,-9.356251,39.768753,590998544607204
-48.581253,-9.39375,39.506252,590998554607204
-48.300003,-9.243751,39.3375,590998564607204
-48.487503,-9.056251,39.131252,590998574607204
-47.53125,-8.71875,38.41875,590998584607204
-47.287502,-8.493751,38.381252,590998594607204
-47.193752,-8.56875,38.193752,590998604607204
-47.49375,-8.587501,38.268753,590998614607204
-47.7,-8.08125,38.23125,590998624607204
-47.568752,-7.8187504,38.0625,590998634607204
-47.68125,-7.6875005,38.081253,590998644607204
-47.5125,-7.4437504,38.23125,590998654607204
-47.925003,-7.4437504,38.49375,590998664607204
-48.24375,-7.3500004,38.5125,590998674607204
-48.24375,-7.05,38.4375,590998684607204
-47.7,-6.7312503,38.04375,590998694607204
-47.23125,-6.3187504,37.95,590998704607204
-47.325,-6.2250004,38.081253,590998714607204
-47.60625,-6.0937505,38.4375,590998724607204
-47.5875,-5.86875,38.456253,590998734607204
-47.25,-5.4,38.268753,590998744607204
-47.04375,-5.175,38.49375,590998754607204
-46.818752,-4.9125004,38.60625,590998764607204
-47.006252,-4.7625003,38.662502,590998774607204
-47.362503,-4.78125,38.90625,590998784607204
-47.193752,-4.5375004,38.850002,590998794607204
-47.325,-4.21875,38.925003,590998804607204
-47.41875,-4.18125,38.850002,590998814607204
-47.756252,-4.2000003,39.112503,590998824607204
-48.093754,-4.21875,39.225002,590998834607204
-48.225002,-3.91875,39.206253,590998844607204
-48.187504,-3.73125,39.45,590998854607204
-48.0,-3.4875002,39.300003,590998864607204
-47.925003,-3.15,39.487503,590998874607204
-47.23125,-2.86875,39.206253,590998884607204
-47.193752,-2.7375002,39.09375,590998894607204
-47.550003,-2.60625,39.225002,590998904607204
-47.456253,-2.1375,39.018753,590998914607204
-47.8875,-2.15625,39.300003,590998924607204
-48.3375,-1.9875001,39.2625,590998934607204
-48.675003,-1.95,39.46875,590998944607204
-49.725002,-2.2687502,39.787502,590998954607204
-50.9625,-2.4750001,40.237503,590998964607204
-51.393753,-2.325,40.5,590998974607204
-51.037502,-2.1750002,40.275,590998984607204
-51.037502,-2.0625,40.48125,590998994607204
-51.112503,-2.0812502,40.40625,590999004607204
-51.018753,-2.1375,40.65,590999014607204
-50.9625,-1.7812501,40.425003,590999024607204
-49.893753,-1.25625,40.068752,590999034607204
-48.73125,-0.675,39.862503,590999044607204
-48.300003,-0.43125,39.600002,590999054607204
-48.018753,0.0375,39.206253,590999064607204
-47.775,0.375,38.737503,590999074607204
-47.081253,0.91875005,38.25,590999084607204
-46.5,1.44375,37.59375,590999094607204
-46.143753,1.8000001,37.612503,590999104607204
-45.9,2.11875,37.125,590999114607204
-46.48125,2.1937501,36.9,590999124607204
-46.725002,2.4750001,37.21875,590999134607204
-46.93125,2.325,37.275,590999144607204
-46.631252,2.5125,37.36875,590999154607204
-46.55625,2.71875,37.612503,590999164607204
-46.66875,3.0187502,37.93125,590999174607204
-46.575,3.2062502,37.7625,590999184607204
-46.706253,3.3937502,37.8375,590999194607204
-46.66875,3.6375,37.96875,590999204607204
-46.18125,3.9750001,37.537502,590999214607204
-46.275,4.18125,37.725002,590999224607204
-46.59375,4.0875,37.818752,590999234607204
-46.912502,4.1062503,37.8375,590999244607204
-47.5125,3.99375,37.912502,590999254607204
-48.35625,3.8625002,38.34375,590999264607204
-49.237503,3.7500002,38.7,590999274607204
-49.406254,3.7687502,38.7,590999284607204
-50.193752,3.6750002,38.98125,590999294607204
-51.16875,3.9375002,39.45,590999304607204
-51.843754,3.99375,39.54375,590999314607204
-52.312504,3.80625,39.65625,590999324607204
-52.425003,3.7687502,39.61875,590999334607204
-52.518753,3.6562502,39.75,590999344607204
-52.3875,3.73125,40.03125,590999354607204
-52.36875,3.6000001,40.03125,590999364607204
-52.4625,3.54375,39.768753,590999374607204
-51.750004,3.43125,39.09375,590999384607204
-51.881252,3.3937502,39.112503,590999394607204
-52.425003,3.3375,39.393753,590999404607204
-52.443752,3.3750002,39.45,590999414607204
-51.91875,3.2625,38.8875,590999424607204
-51.525,3.1125002,38.268753,590999434607204
-51.393753,3.075,37.85625,590999444607204
-50.7,3.1875002,37.78125,590999454607204
-50.831253,2.8875,38.025,590999464607204
-50.850002,2.71875,37.987503,590999474607204
-50.362503,2.7,37.4625,590999484607204
-49.95,2.625,36.975002,590999494607204
-50.49375,2.49375,36.80625,590999504607204
-51.075,2.41875,36.84375,590999514607204
-51.075,2.4,36.825,590999524607204
-51.412502,2.04375,36.65625,590999534607204
-51.131252,2.04375,36.2625,590999544607204
-50.30625,2.25,35.8875,590999554607204
-49.65,2.53125,35.60625,590999564607204
-49.500004,2.625,35.5125,590999574607204
-48.937504,2.8312502,35.325,590999584607204
-48.43125,2.86875,35.268753,590999594607204
-48.768753,2.79375,35.15625,590999604607204
-49.275,2.8125,35.49375,590999614607204
-49.725002,2.7,35.662502,590999624607204
-50.531254,2.5500002,35.943752,590999634607204
-50.943752,2.34375,36.24375,590999644607204
-51.7125,1.81875,36.75,590999654607204
-52.275,1.3875,37.29375,590999664607204
-52.912502,1.3312501,37.875,590999674607204
-52.74375,1.0500001,38.025,590999684607204
-52.575,0.93750006,37.912502,590999694607204
-52.8375,0.7875,37.912502,590999704607204
-52.237503,0.46875003,37.4625,590999714607204
-52.0875,0.26250002,37.237503,590999724607204
-51.112503,0.61875004,36.65625,590999734607204
-50.4,0.99375004,36.05625,590999744607204
-49.593754,1.03125,35.5875,590999754607204
-49.10625,1.3125,35.4,590999764607204
-48.656254,1.1625,35.025,590999774607204
-48.0,1.0875001,34.800003,590999784607204
-48.018753,0.88125,35.006252,590999794607204
-47.86875,0.73125005,35.025,590999804607204
-47.9625,0.16875,35.006252,590999814607204
-48.075,-0.28125,35.0625,590999824607204
-48.393753,-0.88125,34.631252,590999834607204
